THE,3768
AND,2211
OF,2175
TO,2101
I,1694
A,1672
HE,1541
YOU,1445
THAT,1361
IT,1343
IN,1209
WAS,1083
HIS,996
IS,907
HAD,833
HIM,661
WITH,659
FOR,587
AS,572
AT,562
HAVE,561
ME,523
NOT,474
BE,453
HER,439
ONE,436
SHE,431
T,418
DORIAN,415
WHAT,399
BUT,396
ARE,373
ON,358
THERE,337
THEY,318
WOULD,308
MY,303
ALL,294
SAID,262
S,261
DON,255
FROM,254
WERE,251
SO,248
LORD,248
BEEN,236
HENRY,236
AM,232
LIFE,231
AN,229
WHO,225
SOME,224
IF,224
ABOUT,223
OR,220
WHEN,218
NO,218
BY,217
LIKE,213
YOUR,207
THEM,203
WILL,201
GRAY,200
DO,185
MAN,180
HARRY,178
NEVER,176
KNOW,176
OVER,169
WE,169
HAS,169
INTO,159
BASIL,158
OUT,156
THEIR,156
MUST,154
UP,150
HOW,149
THIS,148
CAN,147
THEN,147
COULD,136
MORE,136
NOW,134
GOOD,133
OWN,130
THINGS,128
THINK,127
SOMETHING,126
ITS,126
VERY,123
COME,123
SEE,122
US,121
THAN,121
THING,120
WHICH,119
SEEMED,119
ANY,117
GO,115
SHOULD,115
LOVE,112
ONLY,111
MADE,110
ALWAYS,110
TIME,110
EYES,109
QUITE,107
FACE,107
HIMSELF,106
TOO,106
WANT,105
AFTER,103
REALLY,103
ROOM,102
DOWN,101
PEOPLE,101
DID,100
BACK,100
AWAY,99
CAME,99
NIGHT,98
SAY,97
CRIED,95
LOOKED,94
WORLD,93
NOTHING,93
TELL,93
WHY,92
MUCH,91
LOOK,91
HALLWARD,91
GOING,87
LITTLE,87
ANSWERED,87
MR,87
SIBYL,85
YES,85
UPON,84
THROUGH,84
THOUGHT,84
ROUND,80
ONCE,80
SHALL,79
EVER,78
DAY,77
SUCH,77
ART,77
TOLD,77
FELT,76
GREAT,75
MEN,74
MOST,74
DEAR,73
LONG,73
BEFORE,73
YET,72
OUR,72
OTHER,72
AGAIN,72
YOUNG,72
PICTURE,70
LOOKING,70
LADY,69
EVERYTHING,69
MOMENT,68
ANYTHING,68
SOUL,68
WELL,67
DOOR,67
WOMEN,66
LET,66
HAND,66
THOSE,65
TWO,64
WENT,63
BEING,63
ASKED,61
ACROSS,61
MIGHT,61
AFRAID,61
OLD,61
MAKE,60
PASSED,60
EVERY,60
TABLE,59
VANE,58
WONDERFUL,58
WHITE,58
LIPS,57
SIR,56
BEAUTY,55
LEFT,55
TURNED,54
GOT,54
HOUSE,54
BETTER,54
WHERE,54
HEAD,53
HANDS,52
LAD,52
PORTRAIT,52
HERE,51
COURSE,51
DONE,50
OH,50
STILL,49
TRUE,49
EVEN,49
RIGHT,49
GOLD,49
BELIEVE,49
FIRST,48
LAST,48
CURIOUS,48
HORRIBLE,48
KNEW,48
VOICE,47
RATHER,47
MYSELF,47
SUDDENLY,47
NAME,47
STRANGE,46
WHOSE,46
FOUND,46
WAY,46
PASSION,46
WORK,46
GET,45
TAKE,45
PLEASURE,45
JUST,44
DUCHESS,44
MOTHER,44
BEAUTIFUL,44
BEGAN,44
SAW,44
WOMAN,43
TALK,43
DREADFUL,43
CHARMING,43
PUT,42
AGAINST,42
WISH,42
MURMURED,42
DEAD,41
LAUGHED,41
SIMPLY,41
GIRL,41
SECRET,41
REAL,41
FEW,41
MANY,41
SEEN,41
RED,41
MET,40
PLAY,40
TERRIBLE,40
EACH,40
WONDER,40
PERHAPS,40
PAINTER,40
MERELY,39
YEARS,39
ABSOLUTELY,39
BECAUSE,39
THOUGH,39
GIVE,39
OFTEN,38
HEARD,37
PAST,37
NEW,37
BAD,37
USED,37
INDEED,37
YOUTH,37
FEEL,36
MAD,36
BOY,36
BEHIND,36
HAVING,36
HALF,36
WHOLE,36
YOURSELF,36
CERTAINLY,36
MIND,35
FORGET,35
SUPPOSE,35
PLACE,35
AH,35
AIR,34
SENSE,34
STOOD,34
TOOK,34
ALAN,33
JOY,33
ALMOST,33
MUSIC,33
SURE,33
ROSE,33
FIND,33
DOES,33
MATTER,33
ANSWER,32
WON,32
DEATH,32
MAY,32
HIDEOUS,32
ASK,32
WORDS,32
PAINTED,32
FEET,31
SAT,31
CHAIR,31
BOOK,31
CANNOT,31
SAME,30
FRIEND,30
POOR,30
REASON,30
PAIN,30
READ,30
NATURE,30
BECAME,30
MEAN,30
AGE,30
BLACK,30
COLOURED,30
GOD,29
DELIGHTFUL,29
WITHOUT,29
HAIR,29
TERROR,29
ARTIST,29
FANCY,29
HELP,29
OPENED,29
SORRY,29
FRIENDS,29
SHOOK,28
LIVE,28
SIN,28
BLUE,28
BODY,28
WILD,28
HEART,28
CAMPBELL,28
WHOM,28
SEEMS,28
BECOME,28
MOMENTS,28
HOME,28
END,28
CALL,27
KIND,27
MORNING,27
THREE,27
HEAVY,27
SINS,27
GARDEN,27
BROUGHT,27
MAKES,27
THESE,27
KNOWN,27
SIT,26
HAPPY,26
EVENING,26
EXPRESSION,26
LATE,26
CHARM,26
ENTERED,26
BESIDES,26
EXQUISITE,26
LARGE,26
TRY,26
GONE,26
OFF,26
TIMES,25
MONSTROUS,25
FINGERS,25
UNDERSTAND,25
EITHER,25
OTHERS,25
WALKED,24
SET,24
LIGHT,24
MARRIED,24
WORD,24
TOGETHER,24
SMILE,24
BRAIN,24
CLOCK,24
ELSE,24
SILVER,24
ROMANCE,24
TILL,24
LIVES,24
REMEMBER,24
GREEN,24
DAYS,24
CHAPTER,24
BOTH,24
GENTLEMAN,24
DREW,23
HOWEVER,23
PERFECTLY,23
CONSCIOUS,23
BLOOD,23
CANVAS,23
SOMETIMES,23
PASSIONS,23
ITSELF,23
FRONT,23
INFLUENCE,23
MERE,23
SENSES,23
HOUR,22
BEST,22
HOPE,22
CHANGED,22
SON,22
MONEY,22
EXCLAIMED,22
YELLOW,22
PERFECT,22
CALLED,22
GAVE,22
FELLOW,22
WIFE,22
LAUGHING,22
NARBOROUGH,22
BROKE,22
SORT,21
CERTAIN,21
LOVED,21
SPOKE,21
COLOUR,21
BETWEEN,21
JAMES,21
FORM,21
WINDOW,21
ENOUGH,21
HORROR,21
ACT,21
REMEMBERED,21
SERVANT,21
LEAVE,21
MANNER,21
COAT,21
HAPPENED,21
STREET,21
NEXT,21
FAR,21
MINUTES,21
FLUNG,20
BYE,20
FEELING,20
DIED,20
CHANGE,20
SELF,20
WATCHED,20
DINNER,20
LEAVES,20
CLUB,20
BEAR,20
HEAR,20
LEAST,20
DIDN,20
LYING,20
THEATRE,20
CARE,20
LAUGH,20
SMILING,20
GREW,20
SOON,20
PART,20
GIVEN,20
DE,20
FILLED,19
GLANCED,19
SERIOUS,19
FIRE,19
EXTRAORDINARY,19
ARM,19
LONDON,19
KEPT,19
SPEAK,19
POINT,19
RATE,19
WHATEVER,19
COLD,19
KEEP,19
LESS,19
EXCEPT,19
COMING,19
FELL,19
PRESENT,19
SUBTLE,19
MEMORY,19
ALSO,19
PRINCE,19
STUDIO,18
MARRIAGE,18
THEMSELVES,18
OPEN,18
FIVE,18
SLOWLY,18
ENTIRELY,18
TIRED,18
FACT,18
PAINTING,18
ALREADY,18
SAYS,18
TEA,18
SHAME,18
INTEREST,18
SCREEN,18
SCARLET,18
TOUCH,18
KEY,18
PARIS,18
WHILE,18
STARTED,18
USE,18
AGO,18
DRESS,18
WRONG,18
DOING,18
IDEA,18
WAITING,18
HORRIBLY,18
LOW,17
CREPT,17
CLOSE,17
CHILD,17
TRAGEDY,17
TALKING,17
TOWARDS,17
SMILED,17
TAKING,17
MUTTERED,17
LOST,17
GLAD,17
MARVELLOUS,17
SOCIETY,17
PITY,17
BRING,17
WANTED,17
ANOTHER,17
WATCH,17
MOUTH,17
HUGE,17
WRITE,17
MONTHS,17
IMPOSSIBLE,17
ALONE,17
TAKEN,17
STIRRED,17
SINCE,16
CENTURY,16
IMAGINATION,16
FOLLOWED,16
HARDLY,16
SHALLOW,16
HUNG,16
SITTING,16
EVIL,16
HORRID,16
PERSONALITY,16
SEND,16
ENGLAND,16
FANTASTIC,16
COMMON,16
DIFFERENT,16
UPSTAIRS,16
STAY,16
O,16
FULL,16
KILLED,16
TERRIBLY,16
SILLY,16
AGATHA,15
ENGLISH,15
CHANCE,15
GLASS,15
PURPLE,15
FEAR,15
PALE,15
STAINED,15
ACTING,15
JIM,15
TOUCHED,15
SENT,15
CIGARETTE,15
SAYING,15
HUSBAND,15
SILK,15
PERSON,15
ABSURD,15
PLAYED,15
HERSELF,15
TEARS,15
STOPPED,15
MARRY,15
VULGAR,15
LINES,15
SHADOWS,15
GRACE,14
DIE,14
COUNTRY,14
SUBJECT,14
STANDING,14
APPEARED,14
INTELLECTUAL,14
QUESTION,14
RICH,14
GILT,14
SOUGHT,14
REACHED,14
FLOWERS,14
EXPERIENCE,14
LETTER,14
AUNT,14
MODERN,14
BOX,14
ROMANTIC,14
SILENT,14
NEARLY,14
FASCINATING,14
MEET,14
TWENTY,14
CORNER,14
TEN,14
THIN,14
TELLING,14
REALITY,13
NOTE,13
DESIRE,13
UNDER,13
DIM,13
COVERED,13
KILL,13
VISIBLE,13
TYPE,13
SIGHED,13
FATHER,13
SURELY,13
CASE,13
ALTER,13
MEANS,13
LOOKS,13
SCENE,13
STAGE,13
FORGIVE,13
ABLE,13
HIDDEN,13
VALET,13
BREATH,13
SHOULDERS,13
SIGH,13
STRANGELY,13
SEVEN,13
SHOW,13
MODE,13
RAN,13
MOVED,13
TAUGHT,13
CURIOSITY,13
MAKING,13
TOP,13
STORY,13
WHISPERED,13
FOND,13
DULL,13
LOVELY,13
SOUND,13
LIBRARY,13
ARMS,13
UNCLE,13
ERSKINE,13
SMALL,13
BIT,13
JULIET,13
OPERA,13
EXTREMELY,13
CAUGHT,12
STOP,12
WORSHIP,12
YESTERDAY,12
WONDERED,12
BRIGHT,12
CRIME,12
SUNLIGHT,12
INTERESTING,12
REVEALED,12
FORGOTTEN,12
PAY,12
PRETTY,12
CURTAIN,12
LAY,12
EAR,12
KNOWS,12
NOWADAYS,12
LIVED,12
CONSCIENCE,12
DISCOVERED,12
MORROW,12
EMBROIDERED,12
FOREHEAD,12
WIND,12
SEEM,12
BOYHOOD,12
TRYING,12
GENIUS,12
MIST,12
WHETHER,12
BEGINNING,12
DOESN,12
KNIFE,12
ROUGH,12
ILL,12
AFTERWARDS,12
CRUEL,12
GRAVE,12
HOUSES,12
GEOFFREY,12
LOSE,12
IDEAL,12
SUMMER,12
SIDE,12
SELBY,12
LISTEN,12
TROUBLE,12
YEAR,12
MINE,12
FLOWER,12
STORE,12
DETERMINED,12
WITHIN,12
EFFECT,12
BIRDS,11
FINISHED,11
STRUCK,11
DEAL,11
FOOLISH,11
CRY,11
DINE,11
CLOSED,11
HATE,11
PIECE,11
OURSELVES,11
LAMP,11
BESIDE,11
DARK,11
SICK,11
LAID,11
SAILOR,11
GAZING,11
TOWN,11
MRS,11
FLOOR,11
LEAD,11
TRAGIC,11
ROSES,11
CUT,11
WROUGHT,11
SHOT,11
SOMEWHAT,11
SPOILED,11
DOUBT,11
SECOND,11
ANNOYED,11
WORTH,11
SIX,11
GIVING,11
DARE,11
VALUE,11
CHEEKS,11
BELL,11
SHAPED,11
DURING,11
HAT,11
SPIRIT,11
LIP,11
PLACED,11
TEDIOUS,11
PUBLIC,11
CONTINUED,11
UNDERSTOOD,11
EARLY,11
WALKING,11
ESCAPE,11
SUDDEN,11
HALL,11
TROUBLED,11
LIT,11
SILENCE,11
CURIOUSLY,11
COMES,11
EIGHT,11
WINDOWS,11
PUTTING,11
SCIENTIFIC,11
JEALOUS,11
SHOWN,11
SKY,11
THINKING,10
HISTORY,10
REALIZE,10
DREADFULLY,10
FACES,10
PARK,10
INFINITE,10
FINE,10
THRUST,10
INTELLECT,10
INDIFFERENT,10
MURDERED,10
BLOSSOMS,10
THROAT,10
THREW,10
PURE,10
SAD,10
FATAL,10
WEEK,10
SISTER,10
CRUELTY,10
PAPER,10
HATED,10
WAITED,10
DROVE,10
WORSE,10
PLAYING,10
DEEP,10
TRUST,10
SORROW,10
STRAIGHT,10
SHADOW,10
HUNDRED,10
GLADYS,10
MONTH,10
DRESSED,10
EVERYBODY,10
WINE,10
WRITTEN,10
FROWNED,10
FUTURE,10
GEORGE,10
EYE,10
HORSE,10
PRESENCE,10
KISSED,10
MURDER,10
VIEW,10
EXHIBIT,10
SLEEP,10
BENEATH,10
DREAM,10
HESITATED,10
ELABORATE,10
ASSURE,10
HARD,10
ALTERED,10
PRAYER,10
ADRIAN,10
LIVING,10
GROW,10
THIRD,10
WORSHIPPED,10
SAFE,10
LED,10
READY,10
KING,10
SCIENCE,9
FASHIONABLE,9
CUP,9
FRIENDSHIP,9
PINK,9
STIR,9
QUARREL,9
THOMAS,9
FRANCIS,9
GREEK,9
HIGH,9
BOOKS,9
OLDER,9
ASIDE,9
WALL,9
LOCKED,9
ALLOWED,9
QUEEN,9
FIGURE,9
MASK,9
FAINT,9
FASCINATED,9
JEWELLED,9
BROTHER,9
SPENT,9
LEANING,9
HANSOM,9
CHARMED,9
SHRILL,9
BURDEN,9
SHOWED,9
BOUND,9
HELD,9
NONSENSE,9
CLEVER,9
GROUND,9
WINTER,9
DUKE,9
DELICATE,9
FALL,9
CORRUPTION,9
WONDERING,9
IMAGE,9
MORAL,9
TURNING,9
FRAME,9
WOTTON,9
GOLDEN,9
WATER,9
RUSHED,9
SHRUGGED,9
NICE,9
ACTRESS,9
WATCHING,9
UGLY,9
MADNESS,9
STUDY,9
SHAKING,9
IVORY,9
TURN,9
NATURAL,9
PROMISED,9
BROKEN,9
COARSE,9
MARRED,9
YOUNGER,9
INTERESTED,9
SECRETS,9
SOFA,9
ELEVEN,9
CEASED,9
PASSING,9
PALLID,8
THIRTY,8
FOUR,8
BROWN,8
HUBBARD,8
MISSHAPEN,8
WRINKLED,8
COFFEE,8
PAINT,8
ADDED,8
BORED,8
REMAIN,8
SIMPLE,8
DAWN,8
DANGEROUS,8
NONE,8
POISON,8
LISTLESSLY,8
KELSO,8
SEATED,8
ISN,8
REFUSE,8
NINE,8
PERIL,8
STRETCHED,8
NINETEENTH,8
SHOULDER,8
SCANDAL,8
REPEATED,8
QUARTER,8
APPEARANCE,8
RUIN,8
WORN,8
KNOCK,8
EMOTIONS,8
POLISHED,8
HANDKERCHIEF,8
TRAIN,8
SHORT,8
GRASS,8
ANYBODY,8
SEVERAL,8
AWFULLY,8
PLACES,8
AMONG,8
MOCK,8
FREE,8
TRIED,8
FAULT,8
FRENCH,8
MOODS,8
DREAMS,8
TWICE,8
JEW,8
COLOURS,8
WAIT,8
DESTROYED,8
CHOICE,8
CREEPING,8
BED,8
SINGLETON,8
CREATURE,8
SQUARE,8
REMARKED,8
FASCINATION,8
PASSIONATE,8
SCENES,8
PURITY,8
MOVE,8
UNCONSCIOUS,8
STRONG,8
STEPS,8
PIANO,8
WROTE,8
LETTERS,8
LONGER,8
MEANT,8
WORE,8
THEORY,8
EIGHTEEN,8
MOON,8
BURNING,8
POSSIBLE,8
STEPPED,8
RUN,8
EXAMINED,8
MISSED,8
POSITION,8
CONFESSION,8
PEARLS,8
SOMEWHERE,8
SORROWS,8
FOLLOW,8
VANITY,8
CONFESS,8
MYSTERY,8
WANTS,8
WICKED,8
VIEWS,7
PRIDE,7
FRIGHTENED,7
WRETCHED,7
SMOKING,7
COMPANION,7
UGLINESS,7
MISS,7
DUST,7
TREMULOUS,7
VAIN,7
PROPOSE,7
EYEBROWS,7
THREAD,7
HIDE,7
IMPORTANCE,7
DESTROY,7
ELDER,7
GALLERY,7
AMERICAN,7
EARTH,7
TEMPERAMENT,7
REMINDED,7
HEAVENS,7
SINGLE,7
SHAKESPEARE,7
LAUGHTER,7
LEAVING,7
RANG,7
BECOMES,7
SPOKEN,7
MOVING,7
TREMBLING,7
PROUD,7
STREETS,7
NOVEL,7
ATTENTION,7
THOUGHTS,7
YOURS,7
HARSH,7
ARTISTS,7
DRAWING,7
SAKE,7
MYSTERIOUS,7
FRESH,7
VIRTUES,7
SERVANTS,7
SUFFERED,7
STERN,7
AFTERNOON,7
CLASS,7
PAUSE,7
LUNCH,7
REJOINED,7
ECHOED,7
DRIVE,7
PARTY,7
DOG,7
STAND,7
PARTED,7
GRAVELY,7
SWEET,7
VIVID,7
EXPLAINED,7
SHUT,7
COMPLEX,7
BITTER,7
INSTINCT,7
FOOT,7
TELLS,7
ROMEO,7
GIVES,7
ORDERS,7
RINGS,7
PHRASE,7
PRICE,7
TALKED,7
OBJECT,7
PASS,7
FINALLY,7
SHUDDER,7
TWELVE,7
MOOD,7
DOMINATED,7
HAPPINESS,7
RAGE,7
OUTSIDE,7
SEASON,7
DRESSING,7
SWEPT,7
GREY,7
HOURS,7
SENSATIONS,7
LEAPED,7
REPLIED,7
WOOD,7
ODOUR,7
PRINCIPLES,7
SUFFER,7
EMOTION,7
METHOD,7
GROTESQUE,7
GROWING,7
GUESTS,7
ARTISTIC,7
MIRROR,7
THOROUGHLY,7
LIKED,7
WEEKS,7
GROWN,7
STROLLED,7
CLEAR,7
BURIED,7
RACE,7
ALONG,7
REVEAL,7
EXPLAIN,7
ADMIT,7
ENGAGED,7
DIRECTION,7
BOWED,7
WASN,7
EVIDENCE,7
OFFERED,7
VICTOR,7
GODS,7
NOR,7
EMPTY,7
FLUSHED,7
MARBLE,7
SEEING,7
FORWARD,7
GRACEFUL,7
DELIGHT,7
SMOKE,7
CURE,7
SEARCH,6
QUICKLY,6
PRODUCED,6
DRAWN,6
LATER,6
DISTINCTION,6
RULE,6
FADED,6
ACCORDING,6
CURVES,6
PERFUME,6
CARRIED,6
WINGS,6
INNOCENT,6
FAILURE,6
VENETIAN,6
DUSKY,6
EXCELLENT,6
WISE,6
WARNING,6
WINCED,6
LOATHSOME,6
PAID,6
PEARL,6
WAKE,6
MIRRORS,6
AUDIENCE,6
RISING,6
COURAGE,6
TOSSED,6
BRANDON,6
USELESS,6
MAR,6
FARM,6
LL,6
AMERICA,6
HETTY,6
DRAGGED,6
SEIZED,6
DREAMED,6
WAYS,6
SHUDDERED,6
STONES,6
THROWN,6
POST,6
BURNED,6
BADLY,6
FELLOWS,6
ROAD,6
KISS,6
RETURN,6
CHEEK,6
WOUNDED,6
HOARSE,6
BAG,6
GOES,6
AMAZEMENT,6
EXISTENCE,6
BOW,6
SPEAKING,6
FIGURED,6
DISAPPOINTED,6
MENTION,6
CAP,6
EDITION,6
EXERCISE,6
NERVOUS,6
SATISFIED,6
SHY,6
HOSTESS,6
STAIN,6
DIFFERENCE,6
STARED,6
ACCOUNT,6
AMONGST,6
DRY,6
DAINTY,6
SACRIFICE,6
FORMS,6
NEITHER,6
EAST,6
VARIOUS,6
ABSOLUTE,6
NOBODY,6
REMIND,6
FEARFUL,6
DANCED,6
ADORED,6
MIDDLE,6
PHILOSOPHY,6
AMUSED,6
ROYAL,6
SLOW,6
CALLS,6
CALM,6
SINGING,6
SUFFERING,6
FORCE,6
STATE,6
PLAYS,6
LUXURY,6
SEAT,6
KEEPING,6
CIGARETTES,6
STARS,6
REGRET,6
HEAVEN,6
IMPRESSION,6
POWER,6
PURELY,6
POETRY,6
PARTICULAR,6
INQUEST,6
THEORIES,6
FOREST,6
TRUTH,6
OLIVE,6
DEVOTED,6
BORN,6
GIRLS,6
EASILY,6
UNJUST,6
WEALTH,6
PAGE,6
POLITICS,6
STORIES,6
BAR,6
RID,6
SIGN,6
TERMS,6
TREES,6
POSE,6
DINING,6
SHABBY,6
GAIN,6
LONELY,6
EARS,6
AMERICANS,6
LOVES,6
CHARACTER,6
SORDID,6
LANGUIDLY,6
GREATEST,6
INSISTED,6
ACCIDENT,6
PIT,6
LACE,6
QUIETLY,6
FINELY,6
PROBABLY,6
WONDERFULLY,6
SPRING,6
MIDNIGHT,5
BLOWN,5
LOATHING,5
ROSALIND,5
NEED,5
MASTER,5
DEVEREUX,5
THANK,5
ACTION,5
HEARING,5
FIXED,5
ROOMS,5
SIGNS,5
BUTTON,5
SHUTTING,5
HANGING,5
VELVET,5
THICKET,5
IMPORTANT,5
BASIS,5
ORDER,5
DEGRADATION,5
MUSICAL,5
USEFUL,5
GRINNING,5
GRANDFATHER,5
RUXTON,5
ARTS,5
POLICEMAN,5
VEIL,5
ADDRESS,5
BORNE,5
IDEAS,5
BEG,5
TRAGEDIES,5
SOUNDED,5
CONTEMPT,5
ERROR,5
PLEASANT,5
NOBLE,5
DIVAN,5
PLEASURES,5
BORE,5
COMMITTED,5
PLAIN,5
LATCH,5
EXISTED,5
LOVELINESS,5
HERS,5
OPINION,5
FORTUNATE,5
ITALIAN,5
ANNOYANCE,5
SUN,5
ANIMAL,5
STRANGLED,5
SEARCHING,5
HABIT,5
PUNISHED,5
PATTERN,5
NERVE,5
WITHERED,5
KEEPER,5
BLUSH,5
OXFORD,5
LISTENED,5
HOLE,5
GLEAM,5
BRUTE,5
MISTAKE,5
PRAY,5
ABSORBED,5
LIKES,5
PREJUDICES,5
POCKET,5
EXPRESS,5
TORE,5
SOONER,5
DARTMOOR,5
FANCIED,5
RECOGNIZE,5
COSTUME,5
FOG,5
PROPER,5
FAIR,5
PEACE,5
IMAGINE,5
SHAPES,5
LINE,5
PAVEMENT,5
DUTY,5
DOWNSTAIRS,5
PLATE,5
DETAILS,5
COMPLIMENT,5
COMPLETELY,5
WHISPER,5
HOST,5
CLOTHES,5
ENTER,5
BOYISH,5
TRAY,5
LOUIS,5
PULLED,5
ACTUAL,5
LOVER,5
REGRETS,5
SELFISH,5
SHAN,5
D,5
FLOWERLIKE,5
FALLEN,5
FROWNING,5
DROPPED,5
AIN,5
MELANCHOLY,5
DUE,5
ORCHIDS,5
EXACTLY,5
GRANDSON,5
DAUGHTER,5
FINER,5
SCENTED,5
ORDINARY,5
LADIES,5
TWISTED,5
THOUSAND,5
LABORATORY,5
WANDERING,5
UNREAL,5
TRIUMPH,5
PRIVATE,5
HURRIED,5
SHAPE,5
EYELIDS,5
LAMPS,5
SYMPATHY,5
EXHIBITION,5
SERVICE,5
SHOOTING,5
WILFUL,5
TREMBLED,5
CHEST,5
IMMORAL,5
CURTAINS,5
DESCRIBE,5
LIMBS,5
POSSIBLY,5
LOATHED,5
NECESSARY,5
ALLOW,5
QUICKENED,5
MUSTN,5
GORGEOUS,5
SPOTTED,5
PETALS,5
CHARACTERISTIC,5
DAMASK,5
FALSE,5
GLOBE,5
TREATS,5
MONMOUTH,5
SMART,5
STYLE,5
AWFUL,5
OPPOSITE,5
SHAMEFUL,5
INTRODUCE,5
LA,5
SEPARATED,5
SUM,5
ADMIRABLE,5
POINTED,5
GAS,5
LISTENING,5
COPPER,5
PSYCHOLOGICAL,5
THINKS,5
UNBEARABLE,5
NERVES,5
COMMIT,5
STANDARD,5
LEND,5
THANKS,5
DESCRIBED,5
WORTHY,5
CONSERVATORY,5
CARPET,5
SADLY,5
LEANED,5
JUDGE,5
SPOIL,5
TEACH,5
FORCED,5
BITTERLY,5
PRACTICAL,5
HOT,5
REPUTATION,5
PALL,5
RELATIONS,5
FOLLOWING,5
HUMAN,5
CRIMSON,5
SUGGESTED,5
CHURCH,5
STUPID,5
SPARE,5
AROUND,5
DISLIKE,5
HIGHLY,5
ANYWHERE,5
POISONOUS,5
WILDLY,5
DANGER,5
COMPANY,5
DISTANCE,5
HEAVED,5
EXPLANATION,5
DARKNESS,5
GLEAMED,5
FACTS,5
RESULT,5
ANGRY,5
FLAME,5
CONVERSATION,5
DISAPPOINTMENT,5
CONSOLATION,5
SURPRISE,5
LACK,5
REFLECTION,5
PROPERTY,5
LITERATURE,5
SAVE,5
HONOUR,5
COOL,5
SPLENDID,5
DENIAL,5
SHUDDERING,5
SATIN,5
DOORS,5
LINGER,5
EXCUSE,5
SERIOUSLY,5
GROSVENOR,5
SPILLED,5
BRITISH,5
NECK,5
SEA,5
JOIN,4
ISAACS,4
LIFTED,4
EAT,4
AUSTRALIA,4
MAKER,4
PAGES,4
DOMINANT,4
INTERRUPTED,4
TARNISHED,4
STAMPED,4
MORALS,4
TONE,4
SOMEBODY,4
SUICIDE,4
STIRRING,4
CLOTH,4
MOCKERY,4
MONSIEUR,4
CARBUNCLES,4
GETTING,4
AGES,4
HARE,4
KNEES,4
CHAMBER,4
SIPPING,4
TEAR,4
THROWING,4
L,4
GLOVES,4
SITUATION,4
WHEREVER,4
WISHED,4
MEMBER,4
READING,4
AGONY,4
WASTED,4
ETHICAL,4
INFORMATION,4
PLEASED,4
CORNERS,4
CONSEQUENTLY,4
TEARING,4
FULLY,4
DEVIL,4
AFFORD,4
LANTERN,4
BURGUNDY,4
BECOMING,4
VOLUME,4
HERO,4
LIKELY,4
SYMPATHIZE,4
CALLING,4
LOSES,4
KEENLY,4
CROWDED,4
BOTTLE,4
FATALITY,4
LEAF,4
PUZZLED,4
STEP,4
GOODS,4
DRIVER,4
CHARLES,4
BEATING,4
HAPPEN,4
DEW,4
PATTI,4
MATTERS,4
ASHES,4
STICK,4
TAPESTRIES,4
MARKED,4
CHAPMAN,4
OFFICE,4
BUTLER,4
MINUTE,4
STRIKE,4
THROW,4
COUCH,4
TREADLEY,4
TITLE,4
STRONGLY,4
WANDERED,4
NEAR,4
NOSTRILS,4
HELPED,4
INFAMOUS,4
CREATE,4
GOODNESS,4
PLEASE,4
DESCRIPTION,4
FIBRE,4
MOTIVE,4
SEES,4
REALIZED,4
OBLIGED,4
DUMB,4
PAUSED,4
WORKED,4
ENAMOURED,4
MASTERPIECE,4
ASSISTANT,4
ENEMIES,4
RECOGNIZED,4
LODGING,4
CHARMINGLY,4
BUSINESS,4
WAVING,4
RODE,4
TWITCHED,4
BRUTAL,4
KNOWLEDGE,4
STRANGER,4
FERROL,4
APPRECIATE,4
HIGHEST,4
DARED,4
HUSBANDS,4
DISAPPEARANCE,4
BALCONY,4
FLESH,4
INTENSIFIED,4
COMMONPLACE,4
CRUSHED,4
LINED,4
LIKENESS,4
HASTILY,4
FORTY,4
FLITTED,4
INFLUENCES,4
SYMBOL,4
CONCEALED,4
STAR,4
INSIST,4
PICKED,4
CELL,4
RAISED,4
BACKGROUND,4
BELIEVED,4
GESTURES,4
OPIUM,4
BUZZED,4
SLIGHTLY,4
ORIGIN,4
ACCEPT,4
TREAT,4
LEARN,4
CRAWLED,4
HAGGARD,4
BELONGS,4
INSEPARABLE,4
WAVES,4
REPRESENT,4
EMOTIONAL,4
ORANGE,4
FIFTY,4
STRAINED,4
VILE,4
JEALOUSY,4
PARROT,4
CHAMPAGNE,4
ASLEEP,4
DRAW,4
HARMONY,4
LIE,4
CULTURE,4
USUAL,4
HEEL,4
MALADY,4
CLASSES,4
SHELL,4
REST,4
SUR,4
ST,4
COULDN,4
AGED,4
COLDLY,4
CREATION,4
PSYCHOLOGY,4
SAVED,4
WOULDN,4
ADORATION,4
BILL,4
CHRIST,4
LOSS,4
UNCHANGED,4
CRUDE,4
SUIT,4
SULLEN,4
BEGUN,4
SPITE,4
SHOULDN,4
DIMLY,4
NERVOUSLY,4
SLEEVES,4
SUCCEEDED,4
DRAMATIC,4
POISONED,4
GRADUALLY,4
YARDS,4
CANDLE,4
STRUGGLED,4
THREADS,4
ECHO,4
SIGHT,4
TURQUOISE,4
FASHIONED,4
HANDSOME,4
CONSOLE,4
CARRYING,4
INQUIRED,4
ILLUSION,4
ESPECIALLY,4
VICE,4
TERRIFIES,4
DRAGON,4
MORBID,4
MADLY,4
CHANGING,4
CURLED,4
BITING,4
SERVED,4
CHATTER,4
STIFLED,4
CAUSED,4
TUESDAY,4
RELIEF,4
FERMOR,4
CHOPIN,4
VOICES,4
WALK,4
REMORSE,4
TASTE,4
OMEN,4
FLASHED,4
FAITHFUL,4
PANES,4
REALISM,4
ADORE,4
CHINA,4
THROBBING,4
GESTURE,4
FINISH,4
EXPERIMENT,4
CLOSING,4
IMPULSE,4
DROP,4
CORRUPT,4
ULSTER,4
LANDING,4
WEARING,4
ENGAGEMENT,4
AIM,4
HIGHER,4
CONGRATULATE,4
PATHOS,4
BELOW,4
CROWD,4
UNLOCKED,4
PRIVILEGE,4
JAPANESE,4
FACED,4
SEVENTEEN,4
MYSTERIES,4
LILAC,4
VICTORIA,4
GRACIOUS,4
MARGARET,4
HABITS,4
ENDING,4
BREAKING,4
PEERED,4
PROMISE,4
BERWICK,4
FIT,4
SICKLY,4
ENTITLED,4
CONSCIOUSNESS,4
CITY,4
FIFTEEN,4
SENSUAL,4
ACTUALLY,4
SPARED,4
CONTENT,4
LIGHTS,4
YIELD,4
METAL,4
PRIEST,4
RETURNED,4
FORGETFULNESS,4
FLY,4
CHILDREN,4
RUINED,4
VEINS,4
WEARILY,4
FILL,4
LOVELIEST,4
STARTLED,4
ASKING,4
TRIVIAL,4
QUICK,4
TEMPER,4
CREEP,4
BRINGS,4
BREAKFAST,4
HADN,4
OWE,4
DEVELOPMENT,4
CEILING,4
GILDED,4
FINEST,4
FORGOT,4
PARADOX,4
CARVED,4
APPEAL,4
HONEY,4
COWARDICE,4
CURVED,4
LEADEN,4
ADVANTAGE,4
IMOGEN,4
SPECIAL,4
GAPE,4
FEAST,4
THRILL,4
INTENDED,4
ELEMENTS,4
DEADLY,4
FURIOUS,4
MOTIONLESS,4
INTIMATE,4
TAWDRY,4
MANTELSHELF,4
NECESSITY,4
UNFORTUNATE,4
CATCHING,4
TOUCHING,4
FEELS,4
PRESS,4
FORMAL,4
CRUSH,4
TREMBLE,4
PHYSICAL,4
MENTIONED,4
LACQUER,4
PREMATURE,4
DISCOVER,4
SITTER,4
PLATFORM,4
DOMINATE,4
DRIPPING,4
TALL,4
LEATHER,4
COMPARED,4
GAUTIER,4
UNKIND,4
VIOLIN,4
COMPLIMENTS,4
BARS,3
MODES,3
DRAPED,3
REMOTE,3
POMEGRANATES,3
INDIFFERENCE,3
DESTINED,3
POPPIES,3
VIOLETS,3
DISCUSS,3
CIRCLE,3
OPHELIA,3
MELLOW,3
INSTRUMENTS,3
JAGGED,3
GARDENER,3
BEDROOM,3
BLANK,3
FROWN,3
RASH,3
GAUZE,3
SWINGING,3
RAGGED,3
RUBIES,3
REVEALS,3
GLANCE,3
FLORENTINE,3
VILLA,3
CABINET,3
PERSONS,3
CHASED,3
SULKY,3
EASE,3
FLICKERING,3
RAIN,3
BRINK,3
EFFORT,3
ROBE,3
MEDIAEVAL,3
BROCADE,3
ARRESTED,3
JEWELS,3
ARTIFICIAL,3
SEARED,3
INTERFERE,3
II,3
FANCIFUL,3
PRETEND,3
CONSIDERED,3
EUSTON,3
STATUE,3
SUGGEST,3
PICTURESQUE,3
LES,3
EXCITEMENT,3
TEST,3
RICHMOND,3
ABSURDLY,3
SHOWS,3
MOUTHS,3
DELIGHTED,3
BLINDS,3
ARMOUR,3
MYRIAD,3
CARRIAGE,3
SWEAR,3
ULTIMATELY,3
BEAT,3
FOOL,3
HARDEN,3
ESSENTIAL,3
FLOATING,3
DIFFICULT,3
SOBBING,3
NOTICE,3
SUSPECTED,3
TINY,3
CONNECTION,3
SETTLING,3
TAPESTRY,3
SCHOOL,3
QUIET,3
WAINSCOTING,3
VERSES,3
LIDS,3
BRUSHES,3
NAMES,3
WONDERS,3
LOOSE,3
PASSAGE,3
PLUCKED,3
REED,3
PICTURED,3
JETS,3
TRIUMPHS,3
OVERDRESSED,3
BURYING,3
DAISY,3
PHANTOMS,3
SHIP,3
STUMBLED,3
DECORATION,3
WHITECHAPEL,3
GENIAL,3
ELIZABETH,3
TAKES,3
DEFEND,3
PARTIES,3
FAMILY,3
THIEF,3
DIGNITY,3
LANGUAGE,3
FLASH,3
IRON,3
DESIRED,3
SHOP,3
APPLE,3
OPAL,3
ACCESS,3
TIRE,3
MALADIES,3
FOLLY,3
CREATURES,3
EXCITED,3
DEBUT,3
PUSHING,3
PEERING,3
LILIES,3
BOTHER,3
PORK,3
LADEN,3
BROOD,3
STARTING,3
NOVEMBER,3
WET,3
COMMONS,3
WREATHS,3
NOTICED,3
VENICE,3
FRENCHMAN,3
RANK,3
BEGINS,3
DARKENED,3
PERFORMANCE,3
RECKLESS,3
PIPE,3
BEER,3
DRUNK,3
ADMIRE,3
FLIGHT,3
EVE,3
POWDERED,3
CROWNED,3
ELEMENT,3
MONSTER,3
WOODLAND,3
FLEW,3
NEWSPAPERS,3
INDIGNATION,3
RAISE,3
DENS,3
AMIDST,3
DEALT,3
SOMEHOW,3
DRIVEN,3
VICES,3
EXPECTED,3
EXERCISED,3
WAITER,3
COUPLE,3
FAVOURITES,3
CALIBAN,3
TONGUE,3
GHASTLY,3
MEETS,3
STROLLING,3
STIFF,3
ELABORATELY,3
OVAL,3
SPECIALLY,3
SENSATION,3
IMMEDIATELY,3
CAPITAL,3
PERSIAN,3
REMARKABLE,3
STARING,3
HEAVILY,3
CORPSE,3
DES,3
ETERNITY,3
SEEKING,3
ARGUE,3
PATHETIC,3
WOKE,3
POET,3
SNEERED,3
SUGGESTION,3
BUILT,3
RESIST,3
INTERMINABLE,3
BRANCHES,3
WHENEVER,3
LESSON,3
WRITES,3
INFORMED,3
PRINCIPLE,3
REASONABLE,3
CRIES,3
PINE,3
HARM,3
CORONATION,3
CUPIDS,3
LIPPED,3
CONCERN,3
DESPAIR,3
CUNNING,3
FLINGING,3
LONGING,3
LIGHTING,3
SCREAMED,3
ORLEANS,3
DISCOVERY,3
IMAGES,3
HATS,3
POSSESS,3
INSINCERE,3
CHATTERED,3
LEST,3
HANDED,3
SWEEP,3
AFFECTED,3
DRINK,3
SENTIMENTAL,3
FOREIGNERS,3
FICTION,3
HYPOCRISY,3
STEPPING,3
IDOLATRY,3
ANGRILY,3
SOMBRE,3
UNE,3
BEE,3
ASHTON,3
SLIGHTEST,3
GROAN,3
CAUSE,3
STAIRCASE,3
PAINS,3
CURRENT,3
INSULT,3
MIMIC,3
VIRTUE,3
SCANDALS,3
MEMORIES,3
PIECES,3
TRANSFORMED,3
HOODED,3
WEAR,3
ODD,3
PARISIAN,3
MEDIUM,3
RIDICULOUS,3
SITS,3
SODDEN,3
STUDDED,3
IMMENSELY,3
STEEL,3
LE,3
HIDING,3
STOOPING,3
COLLAR,3
CAPRICE,3
DIVINE,3
AFFECTION,3
MADAME,3
INEVITABLE,3
DINGY,3
HOLLOW,3
PARCHED,3
VIOLET,3
DRESSES,3
OCCASION,3
CIVILIZED,3
QUALITIES,3
DECORATED,3
WARM,3
ELDERLY,3
REVELATION,3
ELEVATING,3
CAVE,3
RICHER,3
TICKING,3
ONES,3
POETS,3
RECEIVED,3
SPRAY,3
ANTIQUE,3
CHISELLED,3
JUMPED,3
RUMOURED,3
SURPRISED,3
EXHAUSTED,3
WORST,3
CAST,3
HIT,3
LAWS,3
RECOLLECTION,3
CLAY,3
INTRODUCED,3
FIELDS,3
FORTH,3
CATCH,3
SINKING,3
FOOTSTEPS,3
BREAK,3
HUMANITY,3
FIN,3
LOVING,3
AFFECT,3
SHOOT,3
ACTED,3
WIRE,3
FASCINATES,3
FRO,3
DECENT,3
JEWEL,3
MAYFAIR,3
CLOUD,3
FRINGED,3
RISE,3
PULSE,3
FIERY,3
MATERIAL,3
DOWDY,3
SERVE,3
SNEER,3
BOUGHT,3
PICTURES,3
THEIRS,3
PRESSING,3
ASSURED,3
CHOOSE,3
EMERALDS,3
ACID,3
MOVEMENT,3
GROSSLY,3
ICE,3
EDUCATED,3
GOWN,3
ATONE,3
LISTLESS,3
VULGARITY,3
OBVIOUS,3
BEES,3
SOLEMNLY,3
ABOVE,3
EGAD,3
LOCK,3
KNOWING,3
LABYRINTH,3
BELONG,3
BROUGHAM,3
CYNICAL,3
SMILES,3
INVENTED,3
COPY,3
SING,3
EXTRAVAGANT,3
COURT,3
VALUED,3
TREATED,3
TEMPERAMENTS,3
CAREFULLY,3
DOUBLE,3
DROOPED,3
ESCAPED,3
BUTTERFLIES,3
LASTS,3
HAILED,3
EVENTS,3
STABBED,3
DESIGNED,3
ORCHARD,3
RAPIDLY,3
GENTLEMEN,3
SURFACE,3
ENNUI,3
CONNECTED,3
ARRIVED,3
APPROVE,3
PARKER,3
HORRORS,3
GLOOMY,3
SHIELD,3
SPECIMENS,3
INCREDIBLE,3
TATTERED,3
STUPIDITY,3
BEGIN,3
COMPLETE,3
UNBECOMING,3
DOCTOR,3
CHIEF,3
FAT,3
INTENSELY,3
BORES,3
BLAME,3
ROWS,3
WIPED,3
DEN,3
CENTRE,3
COAL,3
SAVAGE,3
PERFECTION,3
FAITHLESS,3
INTOLERABLE,3
BEYOND,3
NARCISSUS,3
RETIRED,3
SUITABLE,3
CHRISTIAN,3
CREDIT,3
BIRTH,3
BROTHERS,3
BONNETS,3
GLANCING,3
LUCK,3
ORGANIZED,3
HURT,3
BACHELORS,3
MINDS,3
NIGHTS,3
LASTED,3
UNREALITY,3
VERMILION,3
LOVERS,3
MISTAKES,3
CHIMNEY,3
OPPORTUNITY,3
DU,3
INFLUENCED,3
INTENTLY,3
NEWS,3
CONSEQUENCE,3
UN,3
WEEP,3
AMBER,3
ENTREAT,3
INFINITELY,3
PRODUCING,3
THEATRICAL,3
TEMPTATION,3
SCENERY,3
INSTINCTIVELY,3
RUNNING,3
SWAYED,3
LOT,3
FORGIVENESS,3
ACTIONS,3
SPECTATOR,3
GUNS,3
CHAPS,3
GAUNT,3
JOYS,3
BLOOM,3
TASSELLED,3
HOLDING,3
HUNGRY,3
APPRECIATION,3
RADLEY,3
MIXED,3
CURLS,3
BLIND,3
CUSTOM,3
HATEFUL,3
MEANING,3
FLARING,3
SOCIAL,3
COLLECTED,3
STRANGEST,3
NEARER,3
TRACE,3
DISTANT,3
INQUIRE,3
RESOLUTIONS,3
WEST,3
DYING,3
MEETING,3
TULIPS,3
FAN,3
ASHAMED,3
SIXTY,3
BELIEF,3
WALLS,3
BANKRUPT,3
NODDING,3
ROME,3
SLIPPED,3
RELIGION,3
ET,3
RECORD,3
ENTHRALLED,3
EXTRAORDINARILY,3
ETERNAL,3
HISSING,3
RECEIVE,3
BIRD,3
CENSURE,3
MOCKED,3
CONTAINED,3
PSYCHOLOGISTS,3
INCREASE,2
DISKS,2
SOB,2
ENDS,2
EXCUSES,2
APPARENTLY,2
NOCTURNE,2
UNSPOTTED,2
SPRAWLED,2
REGARDED,2
GUN,2
GASPED,2
IRREVOCABLE,2
LIGHTNING,2
VAGUE,2
EXPEL,2
PROVED,2
SILKS,2
CHARMS,2
STACCATO,2
NOTED,2
ENORMOUS,2
ETON,2
LIS,2
OPPRESSIVE,2
RISES,2
SICKENED,2
VANISHED,2
AUTOBIOGRAPHY,2
SURVIVE,2
TIPPED,2
CLUTCHED,2
DISGRACE,2
AVENUE,2
CLUSTERING,2
STAMMERED,2
STABLES,2
DECEIVING,2
IMPROVE,2
OPTIMISM,2
FROST,2
FROCKS,2
TURBID,2
FLIRTATION,2
OCCUPIED,2
STROKED,2
BEATERS,2
DREAMY,2
YARD,2
DECEASED,2
LOHENGRIN,2
UNDERSTANDING,2
FLEMISH,2
PUTS,2
SOUNDS,2
ASTOUNDING,2
HANG,2
FLUTE,2
DIFFERENTLY,2
DEBAUCHERY,2
INNOCENCE,2
152,2
SLAVES,2
NILE,2
JUICE,2
HOOD,2
HUSH,2
FEED,2
REBELLION,2
STAYED,2
UNLESS,2
LITTER,2
OCCUR,2
TEMPT,2
COINS,2
ARTICULATE,2
CLEFT,2
ALEXANDER,2
ACCORD,2
HERTFORD,2
RARE,2
DEVOTION,2
HUMBUG,2
ACTORS,2
LANGUID,2
IMMENSE,2
BARGAIN,2
COATS,2
RATTLE,2
NUGGET,2
HUNTED,2
UNTIL,2
CANONS,2
FUMES,2
UNISON,2
SPEND,2
OSCAR,2
SAILS,2
STUFF,2
HURRY,2
POISONING,2
LIMITED,2
JARS,2
ENTRANCE,2
STEREOTYPED,2
AIMS,2
MASTS,2
OVERHEAD,2
CHAP,2
MILDEW,2
ATE,2
CHEMISTRY,2
CRAFT,2
CONTRAST,2
ASSUMED,2
RATTLED,2
WATERS,2
BRONZE,2
BRANDY,2
RIDE,2
CASSONE,2
CREAM,2
CHIME,2
CHIEFLY,2
RAIMENT,2
GUILTY,2
OATH,2
LURED,2
SUITED,2
GEORGIAN,2
TITAN,2
PROWLING,2
KEEPS,2
DANK,2
WASTE,2
PRAISE,2
LINGERED,2
MELODRAMATIC,2
SUP,2
INSOLENT,2
LOAD,2
DEAREST,2
REFUSED,2
CLOSER,2
REALIZATION,2
TUMBLERS,2
BESTIAL,2
AGATE,2
EXAGGERATION,2
DIAMOND,2
EUROPE,2
JUNE,2
MILKY,2
ROMANTICISTS,2
PRETENDING,2
EDGES,2
GRUMBLED,2
MARKS,2
BACKED,2
YIELDED,2
CONVEY,2
CONCEPTION,2
JADE,2
CAREFUL,2
JAVA,2
INDIVIDUALISM,2
PILGRIM,2
CAB,2
TEMPERED,2
BURDON,2
BEDS,2
CONDITIONS,2
LENGTH,2
PIERCED,2
IVY,2
OBLIGE,2
DAGGER,2
SPHINXES,2
ADONIS,2
GRATIFYING,2
DEPTHS,2
THIEVES,2
DEGRADE,2
ACCUSTOMED,2
RUSHING,2
AU,2
LAMPLIGHT,2
SATINWOOD,2
DEVANT,2
ARDEN,2
RINGING,2
BOWING,2
PROFESSION,2
DISCLOSED,2
BLINKING,2
FLAUNT,2
SEATS,2
PEAR,2
MAUVE,2
HORNED,2
EXQUISITELY,2
QUICKENING,2
DENY,2
ATTACK,2
REPROACH,2
CLENCHED,2
ACKNOWLEDGE,2
ADMIRED,2
ASSERT,2
ENDED,2
FREEDOM,2
BRUSHING,2
THOUGHTLESS,2
WRINKLE,2
FOOTMEN,2
FIELD,2
IGNORANCE,2
KENT,2
MECHANICALLY,2
FASHION,2
HURRYING,2
HIDEOUSNESS,2
INTEND,2
SLUGGISH,2
BILLS,2
MAGICAL,2
VENGEANCE,2
DAISIES,2
SHIRT,2
VILLAGE,2
PERSONAL,2
ABSTRACT,2
MANNERS,2
BELLS,2
ESCALIER,2
UNCOMELY,2
KISSES,2
FOLLIES,2
SWORE,2
NIGH,2
IMMOBILE,2
BREATHING,2
FADE,2
FEIGNED,2
SPLENDOUR,2
FURTHER,2
UNLIKE,2
CAPULET,2
DISDAIN,2
INCOMPLETE,2
CHEQUES,2
SITTERS,2
SOULS,2
FAITH,2
UPPER,2
TRADE,2
ADMIRATION,2
DECIDE,2
ACCOUNTS,2
RESPECTABLE,2
TAVERN,2
DYED,2
EGOTISM,2
GUARDIANS,2
STEALTHY,2
LOVELIER,2
HATRED,2
CHOSEN,2
BEQUEATHED,2
EASY,2
PREACHED,2
DECOLLETEE,2
OCTAGONAL,2
FLASHING,2
ANSWERING,2
ARCH,2
EARNEST,2
INSIDE,2
COLLECTION,2
CLASPED,2
PILE,2
IDLE,2
ATMOSPHERE,2
CONTRACT,2
ATOMS,2
EXPERIMENTS,2
MERCUTIO,2
ENVELOPE,2
RING,2
SIDES,2
GLOOM,2
DEVELOPED,2
WEARISOME,2
TRAMPING,2
GROSS,2
LOSING,2
NERO,2
CHEF,2
INDIANS,2
TEMPTATIONS,2
MARBLES,2
POURING,2
STRONGER,2
BRIEF,2
DISOBEDIENCE,2
TOMB,2
MERCY,2
ARRANGED,2
CAGED,2
BAMBOO,2
DIVORCE,2
STEADFASTLY,2
DRUNKARDS,2
SWALLOWS,2
TORY,2
PARTS,2
DESIGN,2
MUD,2
ASTRAY,2
GREENROOM,2
BRINGING,2
RESPECT,2
DISTORTED,2
QUAY,2
POSSESSION,2
BUSHRANGERS,2
ARISTOCRACY,2
GAUDY,2
LINEN,2
VITAL,2
GROUPS,2
PROW,2
DIVINELY,2
CONTAIN,2
PORTICO,2
BITS,2
GREATLY,2
DUET,2
SUBTLETY,2
POINTING,2
CHAT,2
SHAKE,2
FAST,2
CONSULT,2
CHARACTERS,2
DIPLOMATIC,2
LAW,2
EATING,2
REVERIE,2
STRANGLE,2
PILED,2
GRAPES,2
TEETH,2
MEANINGLESS,2
MISERABLE,2
IRIDESCENT,2
SWERVED,2
CROUCHING,2
ECSTASY,2
CHARITY,2
MUSK,2
STOCK,2
OBSERVATION,2
SPACE,2
FLORID,2
DEPRESSING,2
WAN,2
AUTUMN,2
CHILL,2
CONCENTRATED,2
UNCOUTH,2
PAYING,2
YOUTHS,2
INIQUITIES,2
APPEALS,2
FRANK,2
HOLLOWED,2
ENEMY,2
DESTINY,2
HESITATING,2
PALM,2
FARE,2
WEPT,2
TURQUOISES,2
PRAYING,2
LITHE,2
OVEREMPHASIZED,2
FRANCISCO,2
CART,2
VANDELEUR,2
DEVICE,2
DEFEATED,2
MEDALLIONS,2
TORIES,2
BEWILDER,2
GLISTENING,2
CONSISTS,2
DECAY,2
UNCIVILIZED,2
PAGEANT,2
ROOF,2
ELEVATED,2
BLOW,2
LOUD,2
SOILED,2
STERILE,2
AROMATIC,2
HERBERT,2
NUISANCE,2
BOWL,2
PROCURED,2
JOYOUSNESS,2
PRESSED,2
BLURRED,2
AWAKENED,2
SEEDS,2
RADICAL,2
SPECTACLE,2
SEX,2
VIBRATING,2
FLING,2
OUTSTRETCHED,2
CEREMONY,2
CRYING,2
HASN,2
QUIVER,2
FIDELITY,2
INSTEAD,2
SCHOOLBOY,2
ALTHOUGH,2
SILENTLY,2
PALACE,2
DISHES,2
DISGRACED,2
REPLY,2
SIXTEEN,2
LUXURIOUS,2
WHISKERED,2
SONNETS,2
SOLD,2
FACULTY,2
UNMOVED,2
VOW,2
ADVICE,2
SINCERITY,2
ORNAMENT,2
EMERALD,2
GLIMMERED,2
RUSH,2
SEEK,2
FLATTER,2
GROWLED,2
RESULTS,2
DAZED,2
SUNDAY,2
PEACOCK,2
CHAIRS,2
WEARS,2
HURRIEDLY,2
DEFECTS,2
METHODS,2
MYSTICAL,2
PLASTIC,2
CREATED,2
IMPATIENTLY,2
HINTED,2
ROYALTIES,2
CHASE,2
POSSESSES,2
INCLINED,2
RENAISSANCE,2
FATE,2
LABURNUM,2
SUFFICIENT,2
COPIED,2
SHELVES,2
PAINTERS,2
SPANISH,2
SAN,2
RESPECTABILITY,2
NATIONS,2
RUBY,2
INDUCE,2
HOPED,2
CARDINAL,2
SALT,2
BONNET,2
AFFINITY,2
BELONGED,2
SACRED,2
SMYRNA,2
INCREASED,2
PURPOSE,2
ALTAR,2
CHASTE,2
CONSISTED,2
POMP,2
FRECKLED,2
PROVE,2
BUNCH,2
HELLENIC,2
PERSONALITIES,2
OFFER,2
CLOAK,2
ABSENCES,2
CROP,2
HILLS,2
LEERING,2
FILM,2
GENEROUS,2
SHARP,2
CHAOS,2
REMAINING,2
LITERARY,2
HANDLE,2
RENUNCIATIONS,2
FOUL,2
ASSOCIATE,2
FACING,2
POOL,2
ACADEMY,2
DATE,2
WIT,2
AGREE,2
DROOP,2
AUDLEY,2
SURVIVAL,2
DAMP,2
WHISPERING,2
CANDOUR,2
CURSED,2
INQUISITIVE,2
TONED,2
SURRENDER,2
INTIMACY,2
PARDON,2
BLANC,2
BARREL,2
DROWSY,2
DETESTED,2
PANG,2
JEST,2
FAITHFULNESS,2
AMAZED,2
BUY,2
WANTING,2
SAINTS,2
QUIVERING,2
LEAN,2
BARE,2
BRIDE,2
ASCENT,2
THREAT,2
TAIL,2
SHIVERED,2
PHILANTHROPY,2
DIPPED,2
DRINKING,2
THRUSH,2
FACADE,2
CHOCOLATE,2
RATIONAL,2
WEAK,2
RUE,2
FASCINATE,2
UNSEEN,2
MOCKING,2
TIGHT,2
DICTATE,2
DISCORD,2
UNTROUBLED,2
OPENING,2
MEANINGS,2
LOITERED,2
DIMMED,2
CENT,2
ARABIAN,2
THOU,2
ORPHREYS,2
HEARTH,2
SPECIMEN,2
BALL,2
WISHES,2
LOUDER,2
COMPLAIN,2
INORDINATE,2
MARRYING,2
CORDELIA,2
SENSUOUS,2
ROMAN,2
POURED,2
COST,2
BEATER,2
TREACHEROUS,2
MARTYR,2
LATEST,2
CLEAN,2
USUALLY,2
SQUABBLE,2
APPROVAL,2
EXCEPTION,2
PIETRO,2
SOUTH,2
HEIRESS,2
ALIVE,2
SODA,2
POLITE,2
EXPRESSED,2
PERSUADE,2
CLOUSTON,2
CANE,2
SYSTEM,2
MONSTERS,2
PREACH,2
LANDSCAPE,2
MONOTONY,2
AMETHYST,2
PLACID,2
LONGED,2
PARENTS,2
PLUNGED,2
CONSIDER,2
SKULL,2
WAKENED,2
RIBBONS,2
ATTRACTION,2
MARBRE,2
VENTURED,2
ABSORB,2
SMELLING,2
TAINTED,2
ORCHESTRA,2
RENUNCIATION,2
HOSE,2
OCCURRED,2
TRAMPLED,2
TERMED,2
RICKETY,2
PROCURING,2
STUNG,2
GATE,2
REFINEMENT,2
MEAL,2
INHABITANTS,2
RELIGIOUS,2
CHATTERING,2
SCENT,2
ENTIRE,2
FIGURES,2
TIN,2
PERFUMES,2
VAGUELY,2
SIPPED,2
SYBIL,2
MOONLIGHT,2
FATHERS,2
AEON,2
CHINESE,2
HAWK,2
PLAITED,2
PILLOW,2
REPETITION,2
DIFFICULTY,2
CEASE,2
STOUT,2
POPULAR,2
OFFENSIVE,2
FOUGHT,2
BUSTLED,2
ARDOUR,2
STABLE,2
ARCHWAY,2
UTTERANCE,2
FRANCE,2
WIDER,2
MODEL,2
ATONEMENT,2
DOORWAY,2
ROOFS,2
CIGARS,2
ORIGINAL,2
REMAINS,2
COMBINE,2
EXPERIMENTING,2
PUPPETS,2
JUSTICE,2
ABSENCE,2
PACK,2
MARE,2
KNEEL,2
UNFAIR,2
GENTLY,2
YELLED,2
REQUIRE,2
FUR,2
SUCCESS,2
PANELLED,2
SINNER,2
COUNTERS,2
HEROINES,2
MONOTONOUS,2
SLIGHT,2
COLOURLESS,2
MARRIAGES,2
REMAINED,2
MYSTIC,2
ORCHID,2
GWENDOLEN,2
SAINT,2
MACKINTOSH,2
BISHOP,2
WREATH,2
TRELLIS,2
CONTROL,2
PICKING,2
SHADOWED,2
LENT,2
SAPPHIRES,2
BACCHANTE,2
CERTAINTY,2
BENEFIT,2
CINNAMON,2
PARADOXES,2
GLOVE,2
REPEAT,2
FLAMED,2
HOCK,2
MAID,2
PRYING,2
CASES,2
PLAYER,2
CARTER,2
REPRESENTED,2
BEADS,2
CLUE,2
STREAMED,2
BROODED,2
UNSELFISH,2
IMMORALITY,2
INDEFINABLE,2
PERTH,2
ARROW,2
BRILLIANT,2
VERDICT,2
STAVELEY,2
ANXIOUS,2
RANGED,2
SLEW,2
NINTH,2
PURIFICATION,2
SLEEPING,2
DANCE,2
GETS,2
UNION,2
GAZE,2
NEIGHBOUR,2
ELECT,2
GLISTENED,2
MARS,2
PACKING,2
GARDENERS,2
PETALLED,2
GLARE,2
BURDENED,2
WORKING,2
POCKETS,2
PAPERS,2
GALLOP,2
CARLINGTON,2
EXAMINATION,2
ANNOYING,2
BRASS,2
ARRIVE,2
HEDONISM,2
RISK,2
ACTOR,2
DRIP,2
INSTANTANEOUSLY,2
REMEMBRANCE,2
CLUTCHING,2
STAYING,2
VERONA,2
OMNIBUS,2
FALTERED,2
AWKWARD,2
SHIRTED,2
GLAZED,2
DESIRES,2
PEACOCKS,2
REFINED,2
WIDE,2
STOLEN,2
SADDLE,2
SLAIN,2
PERIOD,2
MOTIVES,2
REPORTED,2
HAPPENS,2
TONGUES,2
CRAWL,2
DOUBLET,2
FRIGHTEN,2
STRAWBERRIES,2
PEARLY,2
MUSICIAN,2
OFFICES,2
MERTON,2
CURTAINED,2
SHOWING,2
CARDS,2
WARPED,2
BARGE,2
SNAKES,2
LOCKING,2
HEARTS,2
HOLD,2
TALKS,2
EYED,2
DESERT,2
PREJUDICED,2
LIONS,2
LATELY,2
CARED,2
FORTNIGHT,2
SMELL,2
LASHED,2
DUSTY,2
DISTINGUISHING,2
ASS,2
PREVENTED,2
BROCADES,2
SELTZER,2
AWAKE,2
FED,2
MANAGE,2
STRIKING,2
WAVE,2
REACHING,2
MEDIOCRITY,2
CONSIDERABLE,2
DIARY,2
GRINNED,2
FRUITS,2
PIAZZA,2
SORTS,2
FIRES,2
VIENNA,2
ACTS,2
RIDING,2
STONE,2
WORLDS,2
LEADED,2
POEM,2
WEIGHED,2
NEEDS,2
BRISTOL,2
TENDERNESS,2
RECREATE,2
FAMED,2
INTELLECTS,2
DEPTH,2
MAGNIFICENT,2
STILLNESS,2
STORED,2
ORANGES,2
SEARCHED,2
COMPANIONS,2
REPRODUCE,2
WAVED,2
VI,2
SOFTLY,2
PLUMAGED,2
SHRUG,2
ORDERED,2
SAIL,2
TRAP,2
UNDERLIP,2
DISGUST,2
CROOKED,2
WITHER,2
CLUBS,2
TOPIC,2
OPINIONS,2
BEAST,2
SENTENCE,2
STARVE,2
FROCK,2
FLIES,2
FANCIES,2
SEETHING,2
MARK,2
CONCEALING,2
PIPES,2
MANAGER,2
SPIRITUAL,2
OAK,2
QUATORZE,2
PERSONALLY,2
WILDER,2
SCULPTURE,2
NOVELTY,2
PUDDLES,2
REELED,2
DOGS,2
EXTERNAL,2
WRAPPED,2
PARADISE,2
AUTHOR,2
DREADED,2
ELOQUENT,2
CHAIN,2
PEN,2
SCHOOLROOM,2
HARSHLY,2
PRACTICE,2
BENDING,2
CRUSHING,2
EXPERIENCES,2
PANELS,2
MILLS,2
MYRIADS,2
FLED,2
FEARED,2
CLUSTERS,2
REMINDING,2
WILDE,2
GLAMOUR,2
WOVEN,2
CHEEKED,2
DAUGHTERS,2
MARVELLOUSLY,2
MEDIOCRITIES,2
TORN,2
LOTUS,2
FALLING,2
OCCASIONALLY,2
RESTAURANT,2
CELEBRATED,2
CHAMBERS,2
REFORM,2
DELAY,2
CRYSTALS,2
SERVILITY,2
FOULNESS,2
PRUSSIC,2
MORALITY,2
PRAYED,2
UNSTAINED,2
FLUTES,2
DISGUISE,2
SHARED,2
FLAT,2
BLAZING,2
UTTERED,2
VEILS,2
DRINKS,2
VISIT,2
HANDING,2
JERKIN,2
PRISON,2
SPADE,2
LAUREL,2
CRISP,2
ALLIANCE,2
FLICKERED,2
VERSE,2
GATHERING,2
FIFTH,2
PASSES,2
PUNISHMENT,2
SICKEN,2
APOLLO,2
PROBLEM,2
FLUTTERED,2
HELPING,2
BOYS,2
SLIM,2
INVISIBLE,2
IRIS,2
INN,2
CAPE,2
SHADE,2
CONCERTS,2
QUIVERED,2
PULLING,2
RUMOURS,2
VIRGIN,2
FRAMED,2
DECEIVED,2
SUPERFICIAL,2
PETULANT,2
INCORRIGIBLE,2
MISERY,2
CUPS,2
CARRY,2
THICK,2
DIAMONDS,2
TRIBES,2
PROVIDED,2
MOURNING,2
SCARF,2
PROPERLY,2
REACH,2
MARRIES,2
APES,2
PERSISTENT,2
OURS,2
BRIGHTER,2
SHIVERING,2
NEWLY,2
KINDS,2
ATOM,2
BURN,2
PRIMITIVE,2
INLAID,2
ADDRESSED,2
PARLIAMENT,2
NAPKIN,2
UNDISTURBED,2
SONG,2
LIMIT,2
GREASY,2
BULLIED,2
MASTERPIECES,2
EXPECT,2
CURZON,2
HUSHED,2
TRAVAIL,2
ESPRIT,2
RADIANCE,2
NECKTIE,2
ELBOW,2
NACRE,2
ENAMELLED,2
SIMPLICITY,2
POSSESSED,2
BAREHEADED,2
ACQUAINTANCE,2
IMPORT,2
HYPOCRITE,2
CONSOLED,2
EXAMINE,2
HEARTLESS,2
FADING,2
NOSE,2
STARRED,2
DRAWER,2
CALLOUS,2
INDIA,2
CLOTHS,2
VIVISECTING,2
ALIEN,2
HIDES,2
YACHT,2
FLEURS,2
TORTURE,2
HEARS,2
KINDLY,2
LISTENERS,2
FAINTED,2
BRAINS,2
TRACK,2
SADNESS,2
SHEER,2
PACE,2
POUNDS,2
LIGHTED,2
POISONS,2
BLOSSOM,2
WISDOM,2
UNPARDONABLE,2
UPSET,2
SPEAR,2
REFUSING,2
PATTERNS,2
WRUNG,2
VERGE,2
HAUNTED,2
INVARIABLY,2
DEPENDS,2
DETAIL,2
COPE,2
SPIRITUALITY,2
WICKER,2
BREAST,2
EBONY,2
VIOLENCE,2
BID,2
CRITICS,2
CADENCE,2
FOOLISHLY,2
DREAMING,2
SECONDS,2
MADRID,2
SPREAD,2
TROP,2
SAUNTERED,2
PENCIL,2
CHALICE,2
DRIVING,2
TURBANED,2
PRECEDING,2
RAISING,2
PAUL,1
SIXTUS,1
JOURNEY,1
INCOMPETENT,1
PICCADILLY,1
PORTRAITS,1
WAGNER,1
UNEDUCATED,1
ACQUAINTANCES,1
NOTORIOUS,1
STEADY,1
LIBERALS,1
CONQUEROR,1
MORTEM,1
CHASUBLES,1
DWELT,1
SUSPENSE,1
UTTER,1
MIXTURE,1
HANDFUL,1
FIST,1
WIRELIKE,1
ADOPT,1
MARCO,1
DISCUSSING,1
LOYALTY,1
FLOWERED,1
GRIEVANCE,1
THOUGHTFUL,1
EXTENT,1
PEER,1
PLAYERS,1
FAUN,1
CHAPTERS,1
ASSISTED,1
ACTUALITY,1
SIP,1
SHRED,1
WEAVE,1
VINEGAR,1
SUNSET,1
MODERATION,1
QUOTATION,1
RESERVED,1
QUARRELLING,1
GROOM,1
CLOUDLESS,1
PAVED,1
EXPERIENCED,1
SLAVERY,1
DRUGGED,1
GRAND,1
DANDIES,1
DEADLIER,1
EXHAUST,1
ADMIRAL,1
REPROACHING,1
ASSUME,1
SEEDED,1
REWARDED,1
BLESSED,1
SLIPPERS,1
CHOOSES,1
QUAIL,1
BREASTED,1
MOVEMENTS,1
LEAP,1
BEWARE,1
TURE,1
JETANT,1
PLATO,1
SCHOOLGIRL,1
APPREHENSION,1
ACCENTUATING,1
RAINBOW,1
PRATE,1
HUMOUR,1
WEEPS,1
MADDENED,1
THEE,1
DEBONAIR,1
TRAILING,1
RELIABLE,1
EDUCATION,1
4,1
SUPERBLY,1
SCEPTICISM,1
CAMEES,1
THREATENED,1
MENTONE,1
SPORT,1
AGING,1
MATCHED,1
STIFLING,1
CHEMICAL,1
REPROACHES,1
BROWNING,1
INHERITED,1
TROUBLING,1
NEIGHBOURS,1
THREADBARE,1
BEHAVES,1
LAUGHS,1
LEER,1
ACCURATE,1
FEEDING,1
JOAN,1
SELDOM,1
DEFORMED,1
CHOKED,1
CONTRALTO,1
BLADE,1
BUBBLE,1
IMPECUNIOSITY,1
SPIRITUALIZES,1
TUMBLING,1
ORIENTS,1
JACINTHS,1
CAKE,1
VINE,1
VISITED,1
CYMOPHANE,1
RIPPLE,1
ACCIDENTAL,1
SAUCERS,1
ONESELF,1
KINGS,1
UNPOETICAL,1
STEALS,1
WHARF,1
WRAP,1
MONSTRE,1
ZELE,1
WEARER,1
USHERED,1
SICKENS,1
ARABESQUES,1
ANODYNE,1
SPINELS,1
CORKS,1
SLY,1
GUTTERS,1
DAREN,1
SILHOUETTED,1
VILER,1
ESTIMATE,1
CAPACITY,1
19,1
SOFT,1
CENSER,1
POLLEN,1
BALLS,1
SKETCHING,1
LIGHTENS,1
SKETCH,1
NOTEPAPER,1
WHIMS,1
PRESENTIMENT,1
ENTITLES,1
MAIDEN,1
TAWDRILY,1
SECRECY,1
LINK,1
LATTEN,1
COMFORTABLE,1
AMETHYSTS,1
OCTOBER,1
ARRANGEMENT,1
SUIS,1
SUBMISSION,1
CONTACT,1
MEXICANS,1
PEDESTAL,1
FREED,1
HOXTON,1
BLUSHES,1
AMBITIONS,1
SICILIAN,1
KEENNESS,1
BEGGAR,1
UNCONSCIOUSLY,1
FLACCID,1
IGNOBLE,1
EXPECTATION,1
SOUTHWARK,1
CALLOUSNESS,1
FORGIVEN,1
OFFERING,1
CORONER,1
VITALITY,1
EXTRA,1
CRITIC,1
BEAMS,1
BORROWED,1
WIPING,1
OVERDRAW,1
CAPTURE,1
CAMILLUS,1
SUITS,1
BROIDERIES,1
LANE,1
BECKENHAM,1
TATTOOED,1
GROTESQUENESS,1
SALLOW,1
ANGELS,1
ORMOLU,1
CREEPS,1
FONDLED,1
DISEASED,1
CONVERTED,1
NOON,1
MUSICIANS,1
MARRING,1
WRECK,1
SORES,1
THRONE,1
SPECTATORS,1
TEDIOUSLY,1
LANK,1
AFFIRMATIVE,1
FRAGILE,1
SPARKS,1
CURSE,1
SUGAR,1
COUNTER,1
WESTERN,1
PHILOSTRATUS,1
REIGNS,1
SPA,1
PAVEN,1
CHRYSOBERYL,1
PRACTISING,1
DEFINITIONS,1
PROLONGED,1
DREAD,1
FIRED,1
SINNERS,1
CARES,1
BLOOMED,1
ENTERTAINING,1
DALY,1
TOUT,1
COMPARES,1
HUNTSMAN,1
CHRISTENING,1
WEDGED,1
SOFTENED,1
LOGIC,1
RESHAPED,1
CYNIC,1
VINAIGRETTE,1
BACKS,1
VALOIS,1
LUSTRELESS,1
SURVIVED,1
INHERITANCE,1
CLERKS,1
COUNTIES,1
WILLOUGHBY,1
GARTERED,1
PURITANISM,1
DESCRIBES,1
MULES,1
MOONSTONE,1
HISTORIANS,1
SIMONETTO,1
BAUDERIKE,1
SNOWED,1
SILKEN,1
LIDO,1
ALLITERATIVE,1
SEPARATION,1
ADMITTED,1
JACKET,1
ORATORY,1
SENSITIVE,1
SNAKE,1
TIED,1
TREE,1
ENDLESS,1
TOPAZES,1
CLIMAX,1
CAPRICIOUS,1
STELLATED,1
IMITATIVE,1
EXPENSE,1
REFLECTED,1
ALDER,1
OBSERVE,1
BLUSHING,1
WOODEN,1
SEINE,1
ENDURES,1
SQUAT,1
DUTIES,1
FAILING,1
PHILOSOPHIC,1
FOLLOWS,1
LUNCHING,1
ACCEPTING,1
ENTHUSIASTIC,1
REFRESHED,1
WORRIED,1
SIGNED,1
APHORISMS,1
TWENTIETH,1
STEEDS,1
BREAD,1
CHEQUEBOOK,1
TREAD,1
SACRIFICES,1
DOWNRIGHT,1
BLINDLY,1
GAGS,1
CHILDHOOD,1
DEFINES,1
ENTERTAIN,1
PRESENTS,1
NAY,1
TERRACE,1
FEVER,1
PRESENTED,1
GATES,1
HERBS,1
WORKINGS,1
ASPILATES,1
OTHERWISE,1
PUSHES,1
WANING,1
MARQUETERIE,1
SATYRICON,1
SHOOTER,1
PALLOR,1
TIGHTENED,1
BLAST,1
ARCHWAYS,1
MIRANDA,1
CABMEN,1
GENERATION,1
GROANS,1
CAIRO,1
SANGUINE,1
OMENED,1
SEBASTIAN,1
HEAP,1
PLENITUDE,1
DRAGGLED,1
HOLDS,1
SHOOTS,1
STRAGGLING,1
REWRITE,1
CONSUMMATE,1
DOORSTEP,1
FOOD,1
REMINDS,1
SUCCEEDING,1
DASHING,1
GUIDE,1
AMENDS,1
TORPID,1
ARTIFICIALITY,1
HAZARD,1
SYMBOLISTES,1
REPRESENTATIONS,1
ALOES,1
FLUTTERING,1
ROOT,1
BRUISE,1
INNUMERABLE,1
REPRESENTING,1
ANALYSIS,1
SCHOOLBOOKS,1
HARLOT,1
SAFETY,1
EXCUSING,1
SPIRITUALIZING,1
LOAFERS,1
HUGGED,1
HORSES,1
HERMES,1
2,1
FAIREST,1
POSING,1
NOBLER,1
HAMMER,1
BERYL,1
DOIGTS,1
PROTESTS,1
WHISTLE,1
DR,1
INTOXICATED,1
SCANNED,1
STOMACHER,1
MIXING,1
RIBBED,1
MANIA,1
WEAKEST,1
ORGANISM,1
PSYCHICAL,1
JEWISH,1
BONDS,1
TRAVEL,1
FREQUENT,1
TURMOIL,1
OBLIVION,1
ENTHRALLING,1
ROW,1
PEACEFULLY,1
IDOLATROUS,1
CONTRARY,1
DIAZ,1
SULLENLY,1
SHUTTERS,1
HARROWDEN,1
RIPOSTE,1
CLODION,1
FURRY,1
DISAPPEARS,1
MOIST,1
INTRICACIES,1
PERFORMER,1
ROAR,1
GEORGES,1
WHITENESS,1
PROPOSAL,1
PATCHES,1
SUBALTERN,1
MALL,1
STRIDES,1
SUCK,1
LURID,1
LARGEST,1
ATTEMPTS,1
HUNGARY,1
TAINT,1
PLAGUE,1
PUBLISHED,1
ARBITRARY,1
CROSSES,1
VEIN,1
DISTINCT,1
BOLTS,1
SUSPICIONS,1
CURATE,1
ANTS,1
OCCASIONED,1
BLOTTED,1
CRUMPLED,1
INSANE,1
STABBING,1
CLEMATIS,1
SALOON,1
CONSOLES,1
GREETED,1
CONTENTS,1
FLASHES,1
GAMEKEEPER,1
PINS,1
DECLARED,1
EXPLOSIONS,1
FLEET,1
GLOWED,1
PHEASANT,1
ASTORRE,1
CONCEIVE,1
LEADING,1
REGRETTED,1
CHESS,1
PROFLIGACIES,1
ALICE,1
COMMITS,1
RUGGED,1
BRUSH,1
ENVY,1
MOMENTARY,1
CARD,1
COOKERY,1
DECLINE,1
FEATHERED,1
EASEL,1
ROCKS,1
SWEAT,1
STAGNATION,1
PLANTS,1
PROPHET,1
RESPONSIBLE,1
FOURTH,1
HYMN,1
SKINS,1
CULMINATE,1
SNAP,1
WHIP,1
LOG,1
GANYMEDE,1
RENEWED,1
SPLINTERED,1
VICIOUS,1
WIVES,1
UNNECESSARY,1
DISARM,1
DISQUIET,1
ATONES,1
INTENTION,1
BARBARIC,1
WANES,1
ASBESTOS,1
PREFIX,1
ATHENAEUM,1
STYLES,1
UNCONTROLLABLE,1
PLIED,1
PETAL,1
ASSISTANCE,1
PRESERVED,1
DESDEMONA,1
LILACS,1
DUG,1
HUNS,1
HEROINE,1
ALTERNATE,1
PERSPIRATION,1
BIRRELL,1
EGOS,1
DETRIMENT,1
ENTHRALL,1
LASHES,1
CALMLY,1
APARTMENT,1
PHILIP,1
HTTP,1
REMAKING,1
PREFIGURING,1
TOPPED,1
CONDUCT,1
CASTE,1
MUTILATION,1
FINDS,1
EGOTISTS,1
WEB,1
REBUKE,1
RIMINI,1
GARTERS,1
CANOPY,1
JESTING,1
DECIDED,1
WRY,1
GINGER,1
И,1
MIRRORED,1
VIOL,1
MAUSOLEUM,1
OBLIGATION,1
METAPHYSICS,1
SUBSTANCE,1
SUMMONED,1
DINED,1
AFFECTS,1
BRANDED,1
REBELLIOUS,1
COMPROMISED,1
JOYEUX,1
INFLICTED,1
REBUKED,1
TURNS,1
FOGGY,1
PRISONED,1
ADORES,1
OVERLADEN,1
FAWN,1
FLUTED,1
SLEEVE,1
XII,1
DEPOSE,1
FOULEST,1
OWES,1
FAITHFULLY,1
ENCYCLOPAEDIAS,1
CHAINS,1
SNATCHED,1
FONTHILL,1
BLEW,1
CHORD,1
BRIC,1
UNHEEDED,1
COMMONLY,1
MURMURING,1
STEEPLECHASE,1
INVENTION,1
PLATINUM,1
SLASHED,1
PRINCIPAL,1
ANALYSING,1
HOLY,1
GRANDMOTHERS,1
FIGHT,1
DEADENS,1
CLOVIS,1
PREACHER,1
TRUCULENT,1
BATHROOM,1
SULPHUROUS,1
TILED,1
COLLECT,1
REBEL,1
DISAGREE,1
DUEL,1
FOLDS,1
INFATUATION,1
SETTLES,1
GUEST,1
WHATSOEVER,1
WEIGHT,1
13,1
DEGRADED,1
LAYERS,1
RESOLVED,1
ANNIHILATES,1
OSBORNE,1
DOMINATES,1
JOYEUSE,1
CARNATIONS,1
HYSTERICAL,1
EXPRESSES,1
PROMISES,1
SACRAMENT,1
WRISTS,1
HINDER,1
FITS,1
INTRUDING,1
REFRAINS,1
MALATESTA,1
MARLOW,1
PACKED,1
GIANTS,1
HILSTONE,1
BRACKEN,1
CATEGORY,1
THICKLY,1
HEAT,1
SPELL,1
EMAUX,1
BOLOGNA,1
GAPING,1
FIRM,1
17,1
OMENS,1
ENFLENT,1
RUBBED,1
INVESTIGATING,1
BLEACHED,1
NUTS,1
COLLARS,1
WATERY,1
TIER,1
LUCKY,1
POLICEMEN,1
SIDEWINDOWS,1
TAMPERED,1
VEGETABLES,1
EXHIBITED,1
PEPPER,1
SUBSTITUTE,1
BRANKSOME,1
ARISTOCRATIC,1
BRUNO,1
TANAGRA,1
INCARNATION,1
CONSIDERATION,1
CROUCH,1
GAME,1
CONVERSING,1
PANEGYRIC,1
UNWISELY,1
MOTION,1
GAINED,1
CIGAR,1
PETULANTLY,1
WEDDING,1
RIVAL,1
INDUSTRY,1
SATINS,1
SURPRISES,1
INTIMATELY,1
TRACKED,1
CORKED,1
PRIM,1
HECTIC,1
PATCH,1
PASSERSBY,1
WILFULNESS,1
GOVERNED,1
TABOOED,1
CENTURIES,1
BOOT,1
WAGGONS,1
CABMAN,1
DUTCH,1
BACKWARDS,1
BRAWL,1
THEATRES,1
MONSTRANCE,1
WEDNESDAY,1
CHOP,1
MOHAMMED,1
VEXED,1
RIARIO,1
TOM,1
MAHOGANY,1
DENIES,1
HAST,1
LIVERIED,1
DIVER,1
CHARMANT,1
LIONIZE,1
AMSTERDAM,1
DULLS,1
COLONIES,1
BARGES,1
CHESTS,1
CURL,1
REFUGE,1
ROPE,1
LIST,1
DROWN,1
SHABBILY,1
SURRENDERING,1
CONCEALS,1
REPUTATIONS,1
RESPONSIBILITIES,1
NECKED,1
PLASTERWORK,1
SLIMY,1
SWARTHY,1
BORGIA,1
WHIMPER,1
BITTEN,1
STROLL,1
ATTEMPTED,1
SIGHTED,1
HAMILTON,1
MELODY,1
SHOUTED,1
WOODS,1
SPLASHED,1
LUXE,1
BERNAL,1
CHROMATIQUE,1
INSPIRE,1
ACTIVE,1
CONTENTED,1
TEMPEST,1
REPORT,1
LETHARGY,1
RIMMED,1
15,1
INMOST,1
SAILED,1
THREADING,1
ROBBED,1
OBJECTS,1
NAMELESS,1
AMOUR,1
ENVIOUSLY,1
BURNISHED,1
GROWS,1
SHOD,1
LILY,1
UNWORTHY,1
UNTHOUGHT,1
FRESCOES,1
FANLIKE,1
11,1
DOGMA,1
MISFORTUNE,1
SMITE,1
EQUAL,1
UNLAWFUL,1
ROUGE,1
COUNTRYMEN,1
AMBERGRIS,1
CHOSE,1
SIXTH,1
ADMIRER,1
CAPTAIN,1
RUPERT,1
BRAWLING,1
BOLTED,1
STAINLESS,1
CLAMPS,1
FOIL,1
ATTACKING,1
ARROWS,1
BULWARK,1
RIVER,1
ESPIAL,1
DISEASE,1
SCHOLAR,1
ESTABLISHED,1
FALLS,1
HOISTED,1
PRAYERS,1
DECLAIMED,1
MONTAIGNE,1
DEMONSTRATED,1
BEGGED,1
INTERVALS,1
CLAIM,1
SUPERSTITIONS,1
WHITEWASHES,1
ANCESTORS,1
EMPEROR,1
SOVEREIGN,1
GNAWED,1
SUIVANT,1
HYDROPICUS,1
CORNUCOPIAS,1
DEEPENED,1
ALFONSO,1
CRAVING,1
LACIS,1
WOODWORK,1
PREFER,1
BEDSIDE,1
STUCK,1
SHAWLED,1
SOOTHED,1
MEDIOCRE,1
CRUDELY,1
CONFESSIONS,1
CONTOUR,1
COVERLET,1
ASSURES,1
GIGANTIC,1
ACCUMULATE,1
SPOT,1
WEBSTER,1
IRRITABLE,1
SWOON,1
ENDURING,1
SUBTLETIES,1
RUDE,1
SCHUBERT,1
PROCOPIUS,1
PRESIDED,1
MEASURE,1
IMITATION,1
UNMOWN,1
TURBAN,1
GOURDS,1
EXTENDING,1
ECSTASIES,1
ELAPSE,1
DANDY,1
MACARONI,1
CONSISTENCY,1
CRESCENTS,1
AZUR,1
SPLENDIDLY,1
DELICACY,1
MALABAR,1
UNSYMPATHETIC,1
CLAMPED,1
MURMUR,1
SACKING,1
PROFIT,1
SIMILARLY,1
ARCADE,1
SLANTING,1
FUMING,1
GROTESQUES,1
SPASM,1
RUISSELANT,1
DIVIDING,1
HORNS,1
COSMOPOLITAN,1
AUDIBLE,1
LIFELONG,1
MATERIALS,1
ACADEMICIANS,1
BENCHES,1
IMPULSES,1
BUSH,1
ADVENTURER,1
REJOINDER,1
LABEL,1
DARWINISMUS,1
TWILIGHT,1
ALOFT,1
STEAM,1
LOTS,1
DECLARE,1
OVERCHARGED,1
GUMS,1
ROUGHLY,1
ALPHONSO,1
SECURITY,1
DIVINEST,1
SHOES,1
CHILDISH,1
ABSOLUTION,1
PRIMERS,1
ROUSED,1
MOONS,1
PUPPET,1
COVERS,1
TORCH,1
RECALLED,1
ATTRACTED,1
CONJECTURE,1
DOTTED,1
IDEALS,1
GOTHIC,1
SINGLY,1
JERKING,1
APOLOGIZE,1
ABUSED,1
INDUCED,1
GLITTERED,1
SWATHED,1
EXPLAINS,1
PRESCRIBES,1
LEONORA,1
SLEPT,1
CONVERTS,1
INFUSED,1
GONDOLA,1
ROMANTICISM,1
FALTERING,1
EMBLEM,1
GUARDED,1
LASH,1
GRATIFICATION,1
RAPID,1
GHOSTLY,1
BRAZILIAN,1
BALANCE,1
WRONGS,1
CARTRIDGES,1
ERRAND,1
DISGRACEFULLY,1
PRUDENCE,1
ADVANCED,1
BANK,1
HARMONIES,1
KNITTING,1
CULMINATED,1
CORD,1
CONSOLATIONS,1
ROBBER,1
JARVIES,1
ANNE,1
PRATTLED,1
DOCKS,1
BLAZED,1
ALCHEMIST,1
ADVANCE,1
MOURNED,1
VULTURES,1
MARSYAS,1
FLOW,1
ASPHODEL,1
STOUTNESS,1
FLUSHING,1
PERPLEXITY,1
MURDEROUS,1
QUINZE,1
DECLINED,1
OUTWARD,1
MICHELANGELO,1
CONVOLVULUS,1
TRANSFIGURED,1
VIOLINS,1
ATALANTA,1
ATTRACTIONS,1
DEGENERATE,1
SHRUGGING,1
KNIT,1
NAPKINS,1
FOREIGN,1
TALE,1
BLOWING,1
RIPENING,1
BONE,1
ENMITY,1
MOULDINGS,1
BARGAINING,1
TITTER,1
STRINGS,1
WEARY,1
PRECIOUS,1
DANCING,1
SOCIOLOGY,1
FETID,1
CITIZEN,1
VERMOUTH,1
GIPSIES,1
ELEGANTIARUM,1
DECORATIVE,1
TRANSLATE,1
WEALTHY,1
DEFEATS,1
BREED,1
DISCOVERS,1
MINION,1
WIN,1
CLOUDS,1
BEARD,1
TROUVILLE,1
MALAY,1
TUSSOCK,1
FOUKOUSAS,1
DARTED,1
CHARIOT,1
MANGER,1
NOISE,1
CLEANED,1
PARAPHRASES,1
JOVIALLY,1
REAPPEAR,1
ENGLISHMAN,1
SHUTTERED,1
WEATHER,1
OBJECTED,1
TRAMPLING,1
TIE,1
INTRODUCTION,1
CEILAN,1
MEDITATIVE,1
PRECISION,1
CIRCULATED,1
GROSSEST,1
MARGARITE,1
COMFORTING,1
INVESTED,1
DOWAGERS,1
DUSTTREMULOUS,1
BIBLE,1
ANTIQUITY,1
SATIRE,1
SMOCKED,1
KNOTTING,1
CLAWS,1
LADS,1
QUICKEN,1
ISOTTA,1
FORWARDS,1
ACANTHUSLIKE,1
PIGEON,1
WOUNDS,1
FLARED,1
MANNERED,1
SAPPHIRE,1
PROVOKED,1
DAINTILY,1
WREATHED,1
SINGED,1
SPY,1
CHUCK,1
PARTICULARLY,1
SLEEPLESS,1
SUNBEAMS,1
LACKS,1
UNROMANTIC,1
WAX,1
SPEECHES,1
FAIN,1
TRICKLE,1
DEGREE,1
COSTS,1
DISPATCHES,1
PUNCTUALITY,1
DEMONS,1
REMEMBERS,1
INORGANIC,1
PREFACE,1
PURSUIT,1
BEASTS,1
RINGLETS,1
CHICAGO,1
GREEDY,1
SIPHONS,1
PHRASES,1
NECESSARILY,1
LIKING,1
LEPROSIES,1
ACCURSED,1
MEDICIS,1
INFAMY,1
FOLK,1
STATELY,1
ANASTASIUS,1
SCARCELY,1
SUCCESSFUL,1
ASSURING,1
CREATOR,1
CYLINDRICAL,1
LEAPING,1
PERFUMED,1
PROFLIGACY,1
FILLS,1
APPETITE,1
JADED,1
NOSES,1
LEPER,1
MIX,1
MINERAL,1
HISSED,1
CONSEQUENCES,1
PAVILION,1
VOID,1
KNOCKING,1
DOMES,1
USING,1
JASPERS,1
REFORMATION,1
UNCERTAINTY,1
INVENT,1
THUNDERSTRUCK,1
EMIGRATED,1
PRINCES,1
ACCOMPANIED,1
FLAMELESS,1
AID,1
PECULIARLY,1
EXAMINING,1
MARTYRS,1
BURNS,1
GULL,1
WARMLY,1
WINSOME,1
REMARK,1
FAMILIES,1
COUCHES,1
HASTENED,1
MAIM,1
LIQUOR,1
RIBAND,1
CHEATED,1
DISGUISES,1
STRAIGHTENED,1
MINT,1
SOLICITOR,1
BRANTOME,1
POLITICIAN,1
SUPPORTS,1
TAUNT,1
ENSLAVE,1
DANBY,1
ARDENT,1
IMPLICATED,1
EXAMINATIONS,1
SHAKEN,1
STOPPING,1
BATHED,1
BOLDNESS,1
SENTENCES,1
MERCHANTMAN,1
PRIG,1
SOFAS,1
PRESENTATION,1
EMBASSY,1
AMAZON,1
SCATTER,1
JUSTIFICATION,1
INCONVENIENT,1
GUSTY,1
TASTING,1
VICTIM,1
EMBROIDERIES,1
BRICKFIELDS,1
BEETLES,1
POLYSSENA,1
UNHOOK,1
MANDOLIN,1
COURTS,1
MILL,1
COILS,1
UNADULTERATED,1
CHURCHILL,1
CLEARLY,1
GRANITE,1
TYRANNIZED,1
LOWEST,1
BRAVED,1
CASHMERE,1
GRATING,1
MISANTHROPE,1
ENCORE,1
SADDENED,1
FINGERED,1
INFERIOR,1
LENDS,1
FURS,1
FLUID,1
HYACINTH,1
TASTES,1
PERIES,1
AGNEW,1
IGNORANT,1
PEROZES,1
EXCESSIVELY,1
WARMED,1
DIVINITY,1
SMITTEN,1
BROIDERY,1
BREAKS,1
RELATIONSHIP,1
FADS,1
SHARING,1
DRANK,1
DEPEND,1
DEER,1
FIERCE,1
CONSUME,1
SHOULDERING,1
RETURNING,1
AZTECS,1
CRATES,1
WARDOUR,1
RESERVE,1
BISMUTH,1
TUNISIANS,1
OCCUPANTS,1
POMANDER,1
VISION,1
NATURES,1
THUS,1
APPROACHING,1
CHARACTERIZES,1
BEHOLD,1
SULKS,1
FRUIT,1
DANTE,1
PISTACHIO,1
IMPROVISATION,1
BRABANTIO,1
BOOTH,1
CLICK,1
OBTAINED,1
SORRIER,1
RECENTLY,1
MUNIFICENT,1
LEAGUES,1
THIRST,1
PERFORMED,1
COACHMAN,1
DEBTS,1
DETECTED,1
FORMOSUS,1
MICROSCOPE,1
CRUELLY,1
GRUMBLE,1
SOJOURN,1
NARROWED,1
FIEND,1
TROOP,1
AUDACIOUS,1
SHUN,1
WHITEWASHING,1
TABLEAU,1
COUNTY,1
WEEDS,1
PUBLICATION,1
BOTHERING,1
RECHRISTENED,1
CHEROOT,1
SCALE,1
FLAMELIKE,1
REJECTIONS,1
QUERULOUSLY,1
ELOCUTION,1
BEETHOVEN,1
MURKY,1
PRODUCE,1
STROKE,1
TREASURES,1
STANZAS,1
ADDER,1
DISCUSSION,1
UNDERRATE,1
STREAMING,1
ONYX,1
GUESSED,1
CONSISTENT,1
HARDY,1
ANXIETY,1
MATCHBOX,1
PYRAMID,1
EFFIGY,1
YELLING,1
OVERHEARD,1
FASTING,1
ESSENCE,1
MOUE,1
CARESSED,1
SELECTION,1
NERONIAN,1
DECRIED,1
INTENDING,1
EXCEED,1
COLOSSEUM,1
MENTALLY,1
STRUGGLING,1
CAT,1
DEED,1
PEASANT,1
WILLIS,1
BEHELD,1
LOUNGED,1
DULLED,1
TEPONAZTLI,1
WRENCHED,1
SLOPING,1
IRRETRIEVABLE,1
SOUTHERN,1
POLAND,1
RHEIMS,1
DARLINGTON,1
MUFFLERS,1
NOTTINGHAMSHIRE,1
PACES,1
MAL,1
CAMBRIDGE,1
PARAGRAPH,1
COMEDIAN,1
PUFFS,1
STIRRUPS,1
EXPERIMENTAL,1
FAIL,1
DRUM,1
THORNTON,1
CORES,1
WARDROBE,1
WORMED,1
AMATEURS,1
WINGED,1
JOCKEYS,1
HOMBURG,1
CAREER,1
SMOOTH,1
BURLINGTON,1
THOUSANDTH,1
PASSIONATELY,1
OVERTIRED,1
MORSE,1
SWIFTNESS,1
FLUTTER,1
CHESTNUT,1
TITHE,1
PLACING,1
TOY,1
DOCTRINAIRE,1
FACTORIES,1
AMBASSADORS,1
TOURNEUR,1
DELHI,1
DEMEANOUR,1
ESPECIAL,1
HAVEN,1
8,1
MEALS,1
GREENE,1
CUSHIONS,1
SECRETARY,1
SWAY,1
ERE,1
DELIBERATION,1
DELICATELY,1
JORDAN,1
TIARAS,1
MASSES,1
CORRESPONDENCE,1
RECITE,1
GRIMY,1
SILLINESS,1
TAPER,1
GARRULOUS,1
FROID,1
VALENTINOIS,1
COAST,1
SUMMERS,1
ZIPANGU,1
SCOTLAND,1
STITCHED,1
SAVAGES,1
TARRY,1
ANTIDOTE,1
KEYS,1
TRIMMED,1
GROTRIAN,1
SLIGHTS,1
CALIGULA,1
MARKET,1
PANE,1
COURTEOUSLY,1
REMINISCENCES,1
PALMERS,1
VELASQUEZ,1
HEROES,1
MOUNTED,1
TURKISH,1
BRAC,1
BEAUTIFULLY,1
WAKENING,1
QUOTED,1
CRINKLED,1
HOLLOWNESS,1
POLO,1
BLENDED,1
BUYING,1
EFFICACY,1
BOAR,1
EFFECTS,1
LIDDED,1
EPIGRAMS,1
BALASSES,1
GARLANDS,1
FRAGMENT,1
TOKYO,1
JUDGING,1
GINEVRA,1
RAKING,1
NORTHERN,1
UNDERNEATH,1
SEVRES,1
EXOTIC,1
WHITENED,1
VIEILLE,1
FLICKER,1
RESPONSIVE,1
CURVING,1
SINGEING,1
AGUE,1
LACENAIRE,1
ROSARY,1
GAZETTE,1
DACCA,1
DRUMMED,1
CONFIDED,1
MARIA,1
KNELT,1
DISAPPEARED,1
DEPRESSES,1
PROTEGE,1
VESSEL,1
DESERVE,1
EXQUISITES,1
MANNERISM,1
IDYLL,1
PLODDED,1
ETHICS,1
SPECK,1
PATRON,1
FORESTS,1
RHYMES,1
CUZCO,1
TIMIDLY,1
FORGAVE,1
RESTORED,1
DRIPPED,1
ENSCONCED,1
STRIP,1
NODDED,1
FACILE,1
HUDDLED,1
TAPPED,1
INTENSE,1
CUSHIONED,1
MYSTICISM,1
BRILLIANTLY,1
HOLBORN,1
POLICE,1
VICTORIES,1
TOAD,1
SWALLOWED,1
DISTRICT,1
MISUNDERSTOOD,1
AMARRE,1
CORRIDOR,1
INVITATIONS,1
TOYING,1
DALMATICS,1
ENRAGED,1
TREMBLES,1
DASH,1
PRECIPICE,1
ARRANGE,1
SPECTRAL,1
RIDDEN,1
ENERGY,1
GREATER,1
ROBED,1
MIGHTY,1
EMERAULTS,1
HUNGERS,1
STRAYED,1
BOUGHS,1
PRAISED,1
LUTE,1
ROMANCES,1
SERPENTS,1
BARREN,1
MOSS,1
COMELINESS,1
ATTITUDE,1
SIGISMONDO,1
20,1
СКОНВЕРТИРОВАНО,1
SPIRITED,1
DIRECTLY,1
REVOLT,1
CAROUSED,1
FLUSH,1
WRITING,1
DIALOGUE,1
PERFORATED,1
TINGLING,1
HOVENIA,1
POIGNANT,1
FOLDED,1
INNER,1
FUNNY,1
PERMANENT,1
6,1
GUARDS,1
START,1
HUMPH,1
LUGGAGE,1
APRICOT,1
BACHELOR,1
YOTL,1
TRACING,1
LATTICED,1
DIRECTNESS,1
CHARGE,1
INDEPENDENT,1
TRAPPINGS,1
FLORENCE,1
PLANS,1
SCRIBBLED,1
PATENT,1
GRASSHOPPER,1
TULIP,1
JERK,1
BATTLE,1
CULTURED,1
YAWNED,1
STAIRS,1
CORTES,1
NOISELESSLY,1
BOURNEMOUTH,1
LATTER,1
SPUTTERED,1
CAMPANILE,1
ARAGON,1
ILLUSIONS,1
VARNISHED,1
CLAD,1
SOARED,1
WAISTCOATS,1
TRUTHS,1
PRECIS,1
SLOWER,1
ENTREES,1
LAYING,1
ANALYZED,1
WILDEST,1
HUMP,1
VICTORY,1
HESITATION,1
HAUTBOY,1
SURFACES,1
HUSKY,1
VALE,1
ETCHING,1
SPLINTERS,1
BOUQUETS,1
FLANNEL,1
PREVENT,1
SYMBOLIZE,1
ADVENTURE,1
PENNY,1
COLOURING,1
DISCIPLINA,1
STEAMING,1
DRUNKENNESS,1
MITTENS,1
UNCLEAN,1
LUNCHEON,1
BELGIAN,1
ENRAGE,1
CAPABLE,1
REIN,1
PERCH,1
BOARD,1
SOUPIR,1
PUBLICLY,1
CONSIDERS,1
SONOROUS,1
AMUSING,1
SQUARES,1
INARTISTIC,1
MONOTONOUSLY,1
TRANSPARENCY,1
RIO,1
CROSS,1
CIVILIZATIONS,1
COOPED,1
UNTASTED,1
WEDGE,1
GLASSES,1
GIAMBATTISTA,1
DREAMLESS,1
LISP,1
EIGHTY,1
CONCENTRATE,1
TOE,1
SYMPHONIC,1
INHALES,1
BARBI,1
MACERATED,1
OIL,1
PAIR,1
PETIT,1
MANNERLY,1
SHAMBLED,1
MULTIPLY,1
TRANSACTION,1
JARRED,1
DEBRETT,1
REFASHIONED,1
PULSES,1
DISSATISFIED,1
BLOOMS,1
MORALISTS,1
NECKTIES,1
QUESTIONING,1
HELLS,1
HOOKED,1
SUCKING,1
FIRING,1
BUTTERFLY,1
MEAGRE,1
CARLO,1
WAISTCOAT,1
BEARS,1
USELESSNESS,1
ARCHITECTURAL,1
APPLES,1
STROKING,1
SACKS,1
SWELL,1
PARALYSED,1
OPIATES,1
OVALLE,1
PROFESSIONS,1
ONT,1
RECONSTRUCTED,1
PORCELAIN,1
VERB,1
SURRENDERED,1
CONSULTED,1
IMPASSIVE,1
CONFUSED,1
FAUNE,1
INVETERATE,1
PROPERTIES,1
ATONED,1
HID,1
AFFAIR,1
UNHOOKED,1
IDIOT,1
10,1
ITERATION,1
PLAINTIVELY,1
UNLOADING,1
ANIMALS,1
COOKS,1
DEMOCRITUS,1
CLAIMED,1
COVENT,1
FRANGIPANNI,1
EZZELIN,1
DENIED,1
SARACEN,1
MODERNITY,1
STRAINING,1
RESTLESS,1
PROLONGING,1
LAMPLIT,1
THEOLOGIANS,1
RASCALLY,1
REGRETFULLY,1
GAUZES,1
PRESERVES,1
LILAS,1
CAVEMAN,1
PROBABLE,1
ROBINSONIANA,1
HUNGER,1
RIP,1
SINGULAR,1
UNTARNISHED,1
VENETIANS,1
ARBITER,1
VAT,1
MELBOURNE,1
TELEGRAM,1
NEGROES,1
MINDED,1
STATED,1
CURLY,1
POWDER,1
PIGEONS,1
ORRIS,1
TRUNKS,1
SOW,1
LINGERING,1
CURSING,1
ADRIATIQUE,1
ESTE,1
PREFERRED,1
WIZEN,1
FROSTLIKE,1
FRANTIC,1
GOVERN,1
DEMAND,1
ARRESTING,1
FITZHERBERT,1
GIRDLE,1
APT,1
THORNBURY,1
ROD,1
SCOLDING,1
BALD,1
EMATHIA,1
WAFER,1
DEEPLY,1
BRAINLESS,1
STEAMER,1
DRAMATICALLY,1
DISLIKED,1
INCAPABLE,1
HOLINESS,1
GENIUSES,1
GUESS,1
SOBIESKI,1
MISLAID,1
ARCADES,1
PALMS,1
LEONARDUS,1
LEAFLESS,1
CASUAL,1
CLUNG,1
EDITED,1
SEVENTEENTH,1
ONDES,1
GUARD,1
RECKLESSNESS,1
CHALLENGE,1
WIRED,1
JOB,1
REMEMBERING,1
JOYOUS,1
DISTILLING,1
WHIM,1
CREAKED,1
ACTIVITY,1
UMBRELLAS,1
HEALTHY,1
SLUMBEROUS,1
AGITATED,1
BRAZIER,1
FINGER,1
TIGHTLY,1
CHEEKY,1
CHARCOAL,1
TRADESMAN,1
FLYING,1
TRADESMEN,1
SIGNIFIES,1
GRIFONETTO,1
CLUMSY,1
BEAUTEOUS,1
DRESSMAKER,1
WALLED,1
FORBIDDEN,1
BORDERED,1
CLAMMY,1
BRUSHED,1
TERRIFY,1
MISADVENTURE,1
TEMPLE,1
ERRORS,1
PET,1
RUGBY,1
CARTS,1
HILL,1
SHERARD,1
PEERAGE,1
PAINTS,1
AMPLE,1
WRESTING,1
FORMED,1
TEACHING,1
HAPPIER,1
FEVERISHLY,1
WARNINGS,1
PICTURESQUENESS,1
CRITICISM,1
DINNERS,1
LEDGER,1
EXPOUND,1
SKEINS,1
INSOLENCES,1
DOCTRINES,1
HAPPILY,1
WRISTBANDS,1
COMMITTING,1
RUFF,1
OMELETTE,1
STERNLY,1
DISGRACEFUL,1
BETTING,1
CHALK,1
WORRY,1
PANTHERS,1
UPRIGHT,1
MATERIALISTIC,1
CHANCING,1
INCHASED,1
EXCLUSIVELY,1
VITAE,1
DOLPHINS,1
WAVERING,1
CROCODILES,1
ICY,1
DALMATIC,1
LUTES,1
AUTHORITY,1
RICHNESS,1
RUMBLED,1
TUSSORE,1
SMALLEST,1
RAVENOUS,1
PRODUCES,1
CONTINUE,1
WHISPERS,1
INCENSE,1
COINERS,1
PECULIAR,1
LUXURIOUSLY,1
FLOODED,1
SPIDER,1
STEM,1
WILLS,1
COMMUNICATE,1
CORDS,1
EXACT,1
WATCHERS,1
WIDENING,1
ARTEMIS,1
FAULTS,1
PANIS,1
NECESSITIES,1
LOITERING,1
FRONTLETED,1
VAINLY,1
SAWDUST,1
VELLUM,1
LESCAUT,1
AMBASSADOR,1
HEATED,1
HELMET,1
WASH,1
ABSTRUSE,1
BEZOAR,1
DRUMS,1
AVERTED,1
DREAMILY,1
CRAWLING,1
THANKED,1
FRAUGHT,1
WARNED,1
CLEANSE,1
WEAKEN,1
SURRENDERS,1
RADICALS,1
NATIVE,1
SWEETER,1
PERPLEXED,1
LOADED,1
PENALTY,1
DOWNY,1
REASONED,1
SUBJECTS,1
OUTLET,1
SEVENTH,1
ENTHRALLS,1
CLATTER,1
BUSY,1
INTERRUPT,1
DRUDGE,1
NARROW,1
UNSATISFIED,1
INVALID,1
DISCORDS,1
TIGHTENING,1
ABJECT,1
SWINGER,1
INVENTS,1
UNTRUE,1
MINISTERIAL,1
POSED,1
EVIDENT,1
BELIEVES,1
TOWER,1
CHIRRUP,1
LENDERS,1
MENU,1
REWARD,1
STREWN,1
SUPPORT,1
SLEEPERS,1
PATTERNED,1
URN,1
TAWNY,1
POPPING,1
GRANDE,1
INVOLVE,1
DRAWBACK,1
SHINE,1
SEZE,1
CRUCIBLE,1
TRANSFIGURES,1
REVOLVER,1
STAMPING,1
STRUGGLE,1
CULTIVATED,1
LAYS,1
COMEDY,1
PALMY,1
SAMOLIT,1
BINDING,1
PARTHIAN,1
MUFFLER,1
REPENTANCE,1
EDITIONS,1
LOGICAL,1
UNINTERESTING,1
LIVERY,1
SWAYS,1
BLOWS,1
REMAKE,1
WELLS,1
VEINED,1
POT,1
ENJOY,1
SCURF,1
KILNS,1
EMBALMED,1
SHYLY,1
PANTING,1
JURUPARIS,1
CHILDLIKE,1
SICKNESS,1
EXIST,1
PONTUS,1
AUCTIONEER,1
DESPISE,1
QUIT,1
CONTINUANCE,1
DIRECTORS,1
OPTION,1
COTTON,1
FEARS,1
SULPHUR,1
RENDERED,1
MOORISH,1
LIES,1
SHIPS,1
BITTERNESS,1
BREATHED,1
COUNTING,1
FISTS,1
KINDNESS,1
LUSTRE,1
CRESCENT,1
MARIGOLD,1
WEAKNESS,1
PROFANATION,1
HITTING,1
ОПУБЛИКОВАНО,1
BONIFACE,1
DUETS,1
PROJECT,1
CYRIL,1
BARKED,1
VIBRATE,1
BROKER,1
SUNLESS,1
UNPUNCTUALITY,1
CIVIL,1
DELIGHTING,1
ELDEST,1
MATTRESSES,1
DAUBED,1
SPIKENARD,1
DROWSILY,1
SIZED,1
BRILLIANCY,1
PLAN,1
CENSERS,1
DETESTING,1
REWRITING,1
PALATE,1
LANGTON,1
VILENESS,1
HADJIS,1
STRAIN,1
GUFFAWED,1
INTENSIFIES,1
FERRARS,1
IBISES,1
WINDS,1
MARVEL,1
LAKE,1
OLDEST,1
SCRATCHED,1
PENNILESS,1
CONDITION,1
BEATS,1
EXCESS,1
THROB,1
PARSEME,1
DEMORALIZING,1
BUBBLES,1
TRUMPET,1
INDOLENCE,1
DUCHESSES,1
FARES,1
ANNOY,1
DRAGGING,1
MANAGEMENT,1
SEWN,1
PEACH,1
SOVEREIGNTY,1
SNARED,1
ABANDON,1
LIMBED,1
CORNELIAN,1
ESQUIF,1
MELODRAMAS,1
DISAPPOINT,1
MEMOIRES,1
ASTRAKHAN,1
ARCHITECTURE,1
JACK,1
AWE,1
BALANCING,1
GRASSLESS,1
PHANTOM,1
ELAGABALUS,1
FORMER,1
NED,1
RAVELLED,1
LABOUR,1
NATURED,1
JACINTH,1
SHIRTS,1
CREST,1
CONSENTED,1
PLATES,1
FUSS,1
STICKS,1
SPECTACLES,1
DOGGEDLY,1
READS,1
DEATHLIKE,1
FARTHEST,1
GIAN,1
DREARY,1
FLORINS,1
BAND,1
HANGS,1
BLACKBALLED,1
DEGREES,1
DINES,1
SWIFT,1
INVESTIGATED,1
REEDLIKE,1
TAPERS,1
PENITENCE,1
AUTHORITATIVE,1
ATTAIN,1
THIRTEEN,1
JERMYN,1
CELLS,1
CONCEAL,1
IMAGINING,1
PRY,1
OBSCURE,1
CHIRRUPING,1
ANGUISH,1
PALETTE,1
EGYPTIAN,1
CROCUS,1
WORDY,1
FRAGRANT,1
LUMPY,1
CROUCHED,1
DEVICES,1
НА,1
ADJOINING,1
INSANITY,1
STRIPED,1
SUSPENDED,1
PILES,1
CHAUD,1
HAWKERS,1
PATIENCE,1
PHYSIOLOGY,1
COUNTERPART,1
WARMTH,1
MIMICKED,1
SUPPLIES,1
WAXED,1
ECCLESIASTICAL,1
LAPIS,1
WELLED,1
CURED,1
DAIS,1
EASTWARD,1
INSISTENCE,1
SILENUS,1
SUPPER,1
IMPLORING,1
UNSPOILED,1
MESSALINA,1
PROGRAMMES,1
CLING,1
QUARTERS,1
RUMBLE,1
CHURCHYARD,1
DEPRIVED,1
WARS,1
NOTICES,1
COM,1
GATHER,1
WORDED,1
ADOLPHE,1
GAINING,1
HONEYCOMBED,1
LORDSHIP,1
ORLANDO,1
FLIRTING,1
ANTINOMIANISM,1
KNOCKED,1
REAPPEARED,1
COMME,1
WHINED,1
SELFISHNESS,1
DAILY,1
BERKELEY,1
ROSETTES,1
GEM,1
BARD,1
PROSE,1
REGIMENT,1
COVERING,1
SENTIMENTALISTS,1
CIRCLING,1
CRACKED,1
CLOGGED,1
DEFECT,1
TANNHAUSER,1
COMPELLED,1
GERM,1
WHIPPED,1
RECOGNITION,1
BEATRICE,1
ELEPHANTIS,1
FILIGRANE,1
ANTHONY,1
DRAMA,1
DEFILED,1
BLAZONED,1
CRISIS,1
CROSSED,1
SHALLOWNESS,1
PER,1
FARING,1
MANTELPIECE,1
WOODBINE,1
RUT,1
SITUATIONS,1
EXPENDITURE,1
POUTED,1
NIGHTINGALES,1
HARVEY,1
HOPELESS,1
GLIMPSE,1
TOMBS,1
CLARIN,1
ADD,1
QUESTIONS,1
CONJUGAL,1
ICED,1
RIBANDS,1
WANED,1
FLECK,1
PASTE,1
STORM,1
INVITED,1
STATELINESS,1
CONSIDERING,1
LOATHE,1
OMNIBUSES,1
BORING,1
GREEKS,1
SPIED,1
PREVIOUS,1
IRISES,1
SERPENT,1
AMUSE,1
HAMMERED,1
EXILE,1
CAMP,1
GUINEA,1
CONNOISSEURS,1
ROBES,1
CIVILIZATION,1
OILS,1
HERALDS,1
VISAGE,1
ASCETICISM,1
UNIVERSAL,1
FAME,1
JACOBEAN,1
ESCORTED,1
REFUSALS,1
ANDREW,1
WANTON,1
SKIES,1
SNAPS,1
ADVERTISE,1
DWARFS,1
PROCEEDED,1
FIFTEENTH,1
LOUDLY,1
MOURN,1
DRIFTING,1
DUCAL,1
STRAY,1
APPROVINGLY,1
HARDENS,1
APOLOGY,1
MEAT,1
BAGS,1
CHAMPAK,1
APPETITES,1
MATS,1
DISILLUSION,1
SANG,1
DISORDERED,1
DAHLIA,1
POSTURES,1
SUSPECT,1
CRUCIFIXION,1
INFORM,1
INCLUDING,1
CROW,1
PUSHED,1
NOVELS,1
EXCELLENTLY,1
BEETLE,1
ORGAN,1
PHRASED,1
EARED,1
HARLEY,1
CIRCUMSTANCE,1
PLACARD,1
ACCUSING,1
STRIVE,1
WEARIED,1
GLOUCESTER,1
REVOLTED,1
VE,1
BONES,1
ERLYNNE,1
TORT,1
PERDITA,1
EVENINGS,1
UNTOUCHED,1
QUESTIONED,1
RECALL,1
HOUSEHOLD,1
DOMESTICS,1
SHARE,1
BLASPHEMY,1
PANEGYRICS,1
MAJORCA,1
DEFILE,1
STUDYING,1
CLUSTERED,1
SCHUMANN,1
DASHED,1
HISSES,1
TOSSING,1
STATEMENT,1
SHAWL,1
SCOUNDREL,1
WORKMANSHIP,1
PRESCRIPTIONS,1
SENDS,1
TARTUFFE,1
INSINCERITY,1
SOCKET,1
WEARINESS,1
BEAMING,1
GIORDANO,1
FLOWERING,1
JASMINE,1
LIFT,1
TABERNACLE,1
CREATES,1
SPENDS,1
BIOLOGY,1
SMEARED,1
ROT,1
MINIATURES,1
COIL,1
SALON,1
FORMLESS,1
PROBABILITIES,1
LEARNED,1
ABSORPTION,1
NOUVELLES,1
THICKENED,1
CHIEFEST,1
PROCESSION,1
LINING,1
CAESAR,1
PASTILLES,1
LENDING,1
THRIFT,1
VARNISH,1
GUM,1
MERCHANTS,1
WORLDLY,1
GARNET,1
REPEATING,1
BLACKMAILED,1
TREMULOUSLY,1
CLENCHING,1
RICHARD,1
HERMIT,1
SOLITUDE,1
CENTAURS,1
PITEOUS,1
REQUIRED,1
UNABLE,1
ARCHBISHOP,1
SOLITARY,1
UNBARRED,1
INWROUGHT,1
SAILORS,1
NEGRO,1
SYMBOLICAL,1
DAMNED,1
ENABLED,1
9,1
LONGS,1
APPEARANCES,1
CARS,1
ADMIRES,1
SIDLED,1
INDIVIDUAL,1
FILIPPO,1
DOLL,1
FOAM,1
LULL,1
LEGACY,1
PICK,1
PUPILS,1
COMMUNICATIONS,1
SCREAMING,1
POOLE,1
ACHILLES,1
POMPOUS,1
EXCLAMATION,1
UNRIPE,1
MISERIES,1
MULTIFORM,1
INSTANCE,1
STATUETTE,1
EDUCATE,1
CONVENTION,1
WEDDED,1
LAP,1
TORTOISE,1
DIAPER,1
THORN,1
EIGHTEENTH,1
DIGGING,1
MOAN,1
INTELLECTUALLY,1
MIRROURS,1
RUBBING,1
BEADED,1
SATISFYING,1
SUMMED,1
DECEPTION,1
CARELESSNESS,1
REVIVAL,1
REBELLIONS,1
WOOL,1
CONTEMPORARY,1
SIEGE,1
GAMME,1
SURCOAT,1
CAPRI,1
CONSTABLE,1
VICTIMS,1
LOGS,1
BARONET,1
FLATTENED,1
SHOUTING,1
SHEEP,1
MORTUARY,1
FINDING,1
JOINED,1
RUFFLES,1
PIERS,1
AUDACE,1
EMANCIPATED,1
SURROUNDINGS,1
DOWNWARDS,1
DISAPPROVE,1
INCREASING,1
DEFINED,1
PRECISE,1
MAGENTA,1
CHEMICALS,1
CONSUMPTION,1
REASONS,1
REINS,1
SUNSTONE,1
BREVITY,1
DISCORDANT,1
REGENT,1
SIMILAR,1
IMMORTALITY,1
PLOUGHMAN,1
WORSHIPS,1
BENT,1
MESSAGE,1
SIMILE,1
BEPAINT,1
OPPRESSED,1
ZITHERS,1
OBELISK,1
CORROBORATIVE,1
FRONTALS,1
TILT,1
APPLAUSE,1
FAMOUS,1
HAMPSHIRE,1
DISUSED,1
GRACES,1
ACCEPTANCE,1
CONJECTURES,1
REDRESSED,1
RETICENCES,1
IRREPROACHABLE,1
CONVULSIVELY,1
ALGERIAN,1
PREPARATION,1
LARGER,1
SULKILY,1
FLOATED,1
CHAMPION,1
REHEARSAL,1
SALAD,1
SOLICITORS,1
NEIGHBOURHOOD,1
CORPS,1
PIN,1
MONTE,1
APPLAUD,1
METAPHORS,1
BURNT,1
MOULDING,1
CARNAL,1
SLAUGHTER,1
TINTORET,1
VOICELESS,1
TROUSERS,1
PIERRE,1
SCOOPED,1
COPIES,1
UNSULLIED,1
BRAVEST,1
EAU,1
SUPERCARGO,1
ANNIHILATED,1
STOCKS,1
EDWARD,1
DISGUISED,1
CHORDS,1
FUN,1
SUNS,1
SOLVE,1
GRAVEL,1
WEEPING,1
OCHRE,1
BAGLIONI,1
DRIVERS,1
CABS,1
SHERRY,1
HICCOUGHED,1
PROVERBS,1
SCHEME,1
BULL,1
AMAZING,1
PERUGIA,1
IRONS,1
AFFECTATIONS,1
FARCE,1
GREETING,1
ATTACHMENT,1
UNLUCKY,1
MORALIZE,1
EMERGED,1
STRENGTH,1
PLEASANTER,1
BRUSHWORK,1
UNDERGROWTH,1
BOLD,1
MATCH,1
MAGIC,1
LODGE,1
DEARER,1
DEMOCRACY,1
ANGLOMANIA,1
SURPASS,1
ASSENTED,1
TEXTURE,1
BEND,1
WHORLS,1
BIRTHDAY,1
TONIC,1
BEAM,1
DATES,1
RETAIN,1
ACANTHUS,1
SPITTED,1
DISTRESSING,1
SHRANK,1
INVITE,1
SENTINELS,1
MISTAKING,1
ATHENA,1
SUBSEQUENT,1
MILE,1
HEAPS,1
HORN,1
TABLES,1
ILLUSTRATED,1
BARTERED,1
ELASTIC,1
TRIANGULAR,1
CHOKING,1
COGNIZANCE,1
ROCHE,1
HELL,1
GERMANY,1
16,1
PLOT,1
PROPOSING,1
HESITATE,1
COVER,1
INCRUSTED,1
BRONZES,1
MALAYS,1
EQUALLED,1
CORRECTLY,1
MUSLINS,1
CONVENT,1
DEVOURING,1
POACHING,1
FIASCO,1
DARKENING,1
SPARROWS,1
12,1
SPOTS,1
WRAPPER,1
SLANDER,1
HOSPITALS,1
WARBLED,1
RONDES,1
PERUVIANS,1
GNAW,1
EXAGGERATED,1
BATTENED,1
LAPSE,1
EYEBALLS,1
SIZE,1
MANON,1
DISPLAYED,1
GLIMMERING,1
SEQUENCE,1
CATHOLIC,1
HUMILIATION,1
STAGGERING,1
IDEALITY,1
GIOVANNA,1
MIDLAND,1
BRICKDUST,1
DECENCY,1
SUPERB,1
JACQUEMART,1
CREED,1
RAYED,1
FLORIZEL,1
SINGLENESS,1
HANGINGS,1
CREASE,1
TUBES,1
BELONGING,1
PHILANTHROPIC,1
SCHOOLS,1
CONSIDERATE,1
PURIFY,1
LOVELESS,1
TROJANS,1
ANIMALISM,1
NUMBER,1
SPIRITUALIZE,1
BRIGHTLY,1
PEBBLES,1
TRIPOS,1
SELECTED,1
FLAPPING,1
DISAPPOINTING,1
DRUGS,1
PILIER,1
ARTICLES,1
ODOROUS,1
MELOCEUS,1
INSTINCTS,1
FOOTED,1
NIL,1
STEALING,1
BULKY,1
ROOTS,1
FRATRICIDE,1
AMUSEMENT,1
FAUDEL,1
CANDLESHADES,1
FAIRNESS,1
FRANKINCENSE,1
DECEIVE,1
SERAPH,1
NIMBLY,1
PERTURBED,1
CAKES,1
DEVELOP,1
PRICED,1
ANTINOUS,1
AWOKE,1
PEROTTO,1
PILLARS,1
BANKER,1
PREPARED,1
18,1
FLESHLY,1
WITNESSES,1
RECLINING,1
SUNBURNT,1
REJECTION,1
CAFE,1
MEXICAN,1
INTELLIGENCE,1
INCOHERENCE,1
FAIRLY,1
CLERICALIS,1
ANEW,1
TYRANNY,1
SUPPOSED,1
GABLE,1
DRYADLIKE,1
DIVIDED,1
GRASP,1
DAINTIES,1
IRONY,1
IRRESPONSIBLE,1
VIANDS,1
PROFESSOR,1
INTERRUPTION,1
WAXY,1
STAGNATE,1
BOUNDED,1
1820,1
FLATTERED,1
NAVARRE,1
SEIZING,1
GALLOPING,1
IMPROBABLE,1
RISKING,1
BUONAROTTI,1
MANUFACTURE,1
PUR,1
TRAVELLED,1
WILLOUGHBYS,1
FLAWLESS,1
SATURNINE,1
SALE,1
OBSEQUIOUS,1
PATTERED,1
5,1
WAG,1
CHEMIST,1
WITTY,1
IMAGINES,1
PISTOL,1
EGO,1
RECOVERED,1
FEATHER,1
DISTRESS,1
LOUVRE,1
DOMITIAN,1
HIGHWAYMAN,1
HOLES,1
AVOID,1
STAINING,1
KEEPERS,1
CARTHAGE,1
GRUMBLING,1
GLADSTONE,1
BRED,1
THROATED,1
RETREAT,1
CARYATIDES,1
STRAWBERRY,1
ENAMELS,1
WHEEL,1
NEEDED,1
GAMBLING,1
STANCH,1
PARENTAGE,1
PATH,1
ACCOMPANIMENT,1
COMELY,1
VELVETS,1
HAUNTS,1
CHUCKLED,1
TELEGRAPHED,1
SKILFULLY,1
MEANEST,1
TILTING,1
ANCHORITE,1
HUNTERS,1
PERFORM,1
SARDIUS,1
PRE,1
FLOWED,1
POVERTY,1
INDIVIDUALITY,1
MANTLE,1
PHILANTHROPIST,1
SMITING,1
ADMIRABLY,1
WRINKLING,1
FELICITY,1
DISSECTING,1
STOVE,1
SCOURGING,1
RESTED,1
WINCKELMANN,1
CONCORDE,1
DERIVED,1
PARDONS,1
TROD,1
CITRON,1
DEPENDENCE,1
MARIONETTES,1
KEEN,1
INTELLIGENT,1
COMMONEST,1
SLINKING,1
MUSICALLY,1
VENUS,1
JOHN,1
EXHAUSTS,1
CONSIDERABLY,1
SIECLE,1
PHILISTINE,1
BALUSTRADE,1
PARMA,1
CHARITABLE,1
GLOSSY,1
GLASSLIKE,1
PROPOSES,1
LIVERIES,1
CLAIMS,1
MARGUERITE,1
GAIETY,1
FLIRT,1
SUDARIA,1
NORMAL,1
DUDLEY,1
COURTEOUS,1
BROWS,1
RUSTLE,1
KNOWEST,1
ROTTING,1
STAGINESS,1
AUCTION,1
TRAMPED,1
VELARIUM,1
LIBERTY,1
PAINED,1
RUBBISH,1
PREOCCUPIED,1
COALING,1
SQUANDER,1
BLOATED,1
UNHAPPY,1
COUSIN,1
HUMILITY,1
LUCRATIVE,1
BRIGHTNESS,1
SETTLED,1
VESTIGE,1
ARCHAISMS,1
TYRIAN,1
SPRAWLING,1
CONVEYED,1
TECHNICAL,1
ACCOMPANY,1
PLUCKING,1
GAUNTLETED,1
APPARENT,1
SHAM,1
IMAGINARY,1
HUMPED,1
14,1
BRAWLED,1
SOBER,1
UNGAINLY,1
SNOW,1
PACKERS,1
FOOTLIGHTS,1
BANKRUPTCIES,1
FIGURINE,1
ACROBATS,1
FAILED,1
BOURDON,1
SHOWERED,1
LEAFY,1
RAPT,1
HUMBLE,1
COLDER,1
NOISILY,1
TIBERIUS,1
DESOLATE,1
PARODY,1
SHEET,1
BALAS,1
GRATIFIED,1
MARTYRDOM,1
NOTES,1
DISTRUSTED,1
UNCERTAIN,1
EPIGRAM,1
WRECKED,1
AIMING,1
SUPPLICE,1
IVORIES,1
HOPES,1
ENDURE,1
PURITAN,1
DISTAFF,1
CEDAR,1
ADVERSARIES,1
GRIEF,1
FAMILIAR,1
FEATURES,1
MEDIAEVALISM,1
GUARDIAN,1
PAGAN,1
DESTROYS,1
APPEAR,1
ADOPTED,1
ANALYSE,1
PHENOMENON,1
ABORDE,1
GROOMS,1
SECURE,1
FORMATION,1
SWEATED,1
AUTOMATONS,1
UTTERLY,1
GLOVED,1
FLAKE,1
PILGRIMS,1
FORD,1
FOPPERIES,1
RUGS,1
FRIEZE,1
ANNOUNCE,1
CHARPENTIER,1
VIII,1
NEPHEW,1
SHIMMERING,1
TAEDIUM,1
ERECT,1
FRIENDLY,1
JOVIALITY,1
FRUITFUL,1
NAPLES,1
CONTRADICT,1
CHASING,1
GOODBODY,1
CLOSELY,1
STANDS,1
GORGES,1
INSISTS,1
PAINFUL,1
ENVIRONMENT,1
OILY,1
LEGACIES,1
DIPPING,1
BEATEN,1
RECHRISTENING,1
ABDICATE,1
ROUNDLY,1
IRRITATING,1
BITTERS,1
SELECTS,1
GODLIKE,1
CARLTON,1
OUGHT,1
HOSPITABLE,1
EFFECTIVE,1
WATERBURY,1
PORTIA,1
LIGHTER,1
CONFIRMED,1
NESTS,1
REPARATION,1
JE,1
3,1
ENDURED,1
SEIN,1
DEFINITION,1
RECOMMENDED,1
SCUFFLING,1
SHAMBLES,1
APPEASED,1
BETTERS,1
SUPPED,1
SWEETNESS,1
SPUTTERING,1
TIARA,1
SPHERE,1
EDGE,1
STALK,1
KORAN,1
DISCOVERING,1
REFLECTORS,1
SPOON,1
SEED,1
EDGED,1
CLOTTED,1
SCANNING,1
GAVESTON,1
RECAPTURED,1
ALBANY,1
REVIVALIST,1
STRICKEN,1
NERVOUSNESS,1
IMPERIAL,1
BUSHY,1
LAND,1
DISHONOUR,1
SPICES,1
OMAR,1
DISCONTENT,1
REPRESENTATIVE,1
CHILE,1
EARTHEN,1
FORTUNATELY,1
RAILINGS,1
FANTASTICALLY,1
REFINE,1
DETESTABLE,1
STALLS,1
INTRUSIVE,1
STARRY,1
ACCORDANCE,1
REINED,1
EXCHANGE,1
PERSISTED,1
BALMS,1
DRIZZLING,1
SYMPATHETIC,1
ORNAMENTED,1
GARTER,1
PRACTISE,1
RESETTLING,1
SHRIEKS,1
LOWER,1
FREELY,1
GRAPE,1
ATTEMPT,1
ADDERS,1
ARRANGEMENTS,1
SUPREME,1
LAVEE,1
LEADER,1
TICKETS,1
PROLETARIAT,1
HANDIWORK,1
SYMPATHIES,1
PRESIDING,1
FORTUNE,1
STARLIT,1
ERNEST,1
INVERTED,1
PINNACLES,1
DEARLY,1
SCRUPULOUS,1
SEEKS,1
THINNING,1
UNPICTURED,1
RESCUE,1
RATES,1
CORPORALS,1
REVIEWS,1
CATHERINE,1
FOUNDER,1
SONNET,1
STACKS,1
CLOTHE,1
CALUMNIES,1
CIRCUS,1
DEFIANCE,1
CAELESTIS,1
GAZED,1
STEMMED,1
DISTINCTNESS,1
SNAPPED,1
DISENGAGED,1
PROPORTIONED,1
CHERRIES,1
APPOINTMENT,1
JONQUILS,1
DIES,1
WAGGON,1
DIVERSITY,1
IV,1
LATENESS,1
BLESSING,1
ANGER,1
STEAL,1
FARMER,1
RESUMED,1
DAWNED,1
STAMP,1
VACANT,1
JUSTIFIED,1
SPECULATION,1
AMATEUR,1
OUTCAST,1
ENCOURAGE,1
FURROW,1
SHARPNESS,1
RESIGNED,1
PROVISION,1
PROPORTIONS,1
SELENITE,1
TIPTOE,1
IMPRISON,1
PLANT,1
PIANISTS,1
HUNTING,1
TEXTILE,1
SOULEVE,1
DICE,1
STOOL,1
SLAY,1
CYNICISM,1
IMPERFECT,1
BUZZ,1
DEFEAT,1
CHARGES,1
UNTIDY,1
PHOTOGRAPHS,1
FAVOUR,1
SOBS,1
FIBRES,1
ARGOT,1
CLUMP,1
QUE,1
SATYR,1
COBWEBS,1
PROFUSELY,1
GARMENTS,1
INVALUABLE,1
CONTEMPLATION,1
PROSPECTS,1
BEAU,1
PRELUDE,1
ELIGIBLE,1
GRANDPERES,1
HAIRS,1
MOROSE,1
STRAW,1
HUNDREDS,1
TWITCH,1
AFFLUENCE,1
IRRESISTIBLE,1
BROODS,1
SCRAWLED,1
ATTIC,1
PRIMARILY,1
RUBINSTEIN,1
LURKS,1
VIVIDLY,1
FATEFUL,1
HARVEST,1
RESUME,1
CHILPERIC,1
CRIMINAL,1
CONSPIRACY,1
TANGLED,1
TOUJOURS,1
DRONING,1
EMBLEMS,1
SHINY,1
COLLIERIES,1
PARASOLS,1
PERIDOT,1
PARROTS,1
ISABELLA,1
VERITIES,1
DIRECT,1
GASPING,1
PARTING,1
HYLAS,1
EAGERLY,1
FULFILLED,1
GROUP,1
DESECRATION,1
LANGUOROUS,1
ALTERNATIVE,1
OATHS,1
CONVINCED,1
WRINGING,1
XIV,1
REPRESENTS,1
WORM,1
NITRIC,1
WRITHED,1
DOGE,1
MOUSE,1
AFFECTIONATE,1
LOOSENED,1
CONDUCTOR,1
JUDGEMENT,1
DOTH,1
RESEMBLANCE,1
BEHAVE,1
INCOMPATIBLE,1
CONSORTED,1
CHRISTENED,1
PROPHESIED,1
SUPERCILIOUS,1
OUTFIT,1
MAIL,1
HOUNDS,1
CHRYSOLITES,1
STRANGENESS,1
PETTICOAT,1
BENEFITING,1
SWOONED,1
ORGIES,1
FIX,1
SCRAMBLE,1
DANDYISM,1
MASTERS,1
HAMLET,1
DOLEFUL,1
MELODIOUS,1
PALMATES,1
CUNNINGLY,1
ALDERS,1
BOND,1
EXPRESSIONS,1
MASKS,1
DEPENDENT,1
SUBSTITUTION,1
NOBLEST,1
1,1
ALGIERS,1
INEXPERIENCED,1
ERAS,1
GOLDS,1
LIGHTEN,1
ABSTRACTED,1
SENSIBLE,1
RAKED,1
KIDS,1
TOILET,1
SCEPTIC,1
POND,1
SEPARATE,1
CRASH,1
HOOFS,1
NAKED,1
TRACED,1
GENTLE,1
CRIMES,1
DEFINE,1
CONFESSIONALS,1
RACED,1
BEHAVED,1
NYMPHS,1
MOTIONED,1
UNADVISED,1
DRENCHED,1
BOOTS,1
FASTER,1
TAILOR,1
VESTMENTS,1
RULES,1
MILAN,1
BELIEVING,1
STRAYING,1
HEBREW,1
COMMUNION,1
PORPHYRY,1
BUD,1
ROUNDS,1
SUBJECTED,1
MATCHES,1
STRUTTED,1
PROFESSIONAL,1
DEALINGS,1
EXPENSIVE,1
INTENTIONS,1
FITTING,1
RARELY,1
EIGHTH,1
HUSKILY,1
7,1
BERKSHIRE,1
GROWTH,1
TITTERED,1
ARTISTICALLY,1
PAYS,1
PLEASANTLY,1
CIBO,1
GENEROSITY,1
COLDNESS,1
MENTAL,1
RITUAL,1
SURVEYED,1
FEWER,1
VISCONTI,1
DISK,1
UNREASONABLE,1
