"И","326"
"Я","260"
"В","250"
"НА","200"
"НЕ","147"
"ЧТО","130"
"С","114"
"ОН","83"
"А","78"
"ТО","77"
"ЗА","71"
"СКАЗАЛ","70"
"НО","70"
"ЕГО","69"
"МЕНЯ","66"
"ИЗ","64"
"КАК","63"
"ЭТО","61"
"ПО","52"
"К","50"
"МНЕ","50"
"БЫЛО","45"
"У","40"
"МЫ","36"
"ЖЕ","34"
"ТАК","33"
"ФОН","32"
"ВЫ","32"
"БЫЛ","32"
"ЖЕРБУНОВ","31"
"О","30"
"ДА","30"
"ОТ","29"
"ТЫ","29"
"БЫЛА","27"
"БЫ","23"
"ВОТ","23"
"УЖЕ","22"
"ВСЕ","22"
"КОГДА","21"
"ЭРНЕН","20"
"ОНИ","20"
"СПРОСИЛ","18"
"НЕСКОЛЬКО","18"
"ДВЕРЬ","18"
"ТОЛЬКО","18"
"ПОД","18"
"СРАЗУ","18"
"БАРБОЛИН","17"
"БЫЛИ","17"
"СЕЙЧАС","16"
"ЕЩЕ","16"
"НИХ","15"
"КОТОРЫЙ","15"
"ЧЕМ","15"
"ЕЕ","15"
"ЭТОГО","15"
"ВЕДЬ","15"
"ДЛЯ","14"
"РУКИ","14"
"ГЛАЗА","14"
"ПЕРЕД","14"
"ЧТОБЫ","14"
"ПОНЯЛ","13"
"ГДЕ","13"
"ВАМ","13"
"БЫТЬ","13"
"ВО","13"
"ДО","13"
"СО","13"
"УВИДЕЛ","13"
"БРЮСОВ","12"
"МОЖЕТ","12"
"КОТОРОЙ","12"
"СЕБЯ","11"
"ВДРУГ","11"
"ВРЕМЯ","11"
"ЭРНЕНА","11"
"СОВЕРШЕННО","11"
"ЛИЦО","11"
"КАКОЙ","11"
"ИХ","11"
"ПОТОМ","11"
"НЕГО","11"
"МОЙ","11"
"ВИДИМО","10"
"ПАЛЬТО","10"
"ЧЕЛОВЕК","10"
"ОДИН","10"
"ПОДУМАЛ","10"
"ИЛИ","10"
"КАЖЕТСЯ","10"
"ДАЖЕ","10"
"ТУТ","10"
"НАДО","10"
"КОТОРЫЕ","9"
"ЭТОЙ","9"
"ТАМ","9"
"НУ","9"
"ЭТУ","9"
"КТО","9"
"ПОЧТИ","9"
"НИЧЕГО","9"
"ПОДНЯЛ","9"
"САМ","9"
"РЯДОМ","9"
"НИМ","9"
"НАМ","9"
"БЫСТРО","9"
"ЧАПАЕВ","9"
"ТОГО","9"
"ЕСЛИ","9"
"БЕЗ","9"
"ВАС","9"
"ЭТОМ","9"
"СКОЛЬКО","8"
"ЕМУ","8"
"ДВА","8"
"НЕТ","8"
"ЛИЦЕ","8"
"ХОТЯ","8"
"ЗАЛ","8"
"СТОЛ","8"
"СЕБЕ","8"
"ГОЛОВОЙ","8"
"ТЕМ","8"
"КСТАТИ","8"
"ОДНИМ","8"
"РАЗ","8"
"ТОВАРИЩ","8"
"ВПРОЧЕМ","8"
"ГОЛОВУ","8"
"ЛИ","8"
"СИДЕЛ","8"
"ПОВЕРНУЛСЯ","8"
"ФАНЕРНЫЙ","8"
"СВОЮ","8"
"СКВОЗЬ","7"
"ПОКАЗАЛОСЬ","7"
"ПРОСТО","7"
"МОЕЙ","7"
"ОТКРЫЛ","7"
"ДЕЛО","7"
"ЖЕРБУНОВА","7"
"ОПЯТЬ","7"
"РУКУ","7"
"КОНЕЧНО","7"
"ЧЕРЕЗ","7"
"ПОЛ","7"
"НАПРОТИВ","7"
"ПРЯМО","7"
"ЖИЗНИ","7"
"МИНУТ","7"
"ГОСПОДИН","7"
"СЕКУНДУ","7"
"ТОВАРИЩИ","7"
"ЭТОТ","7"
"ВСЕГДА","7"
"БОЛЬШЕ","7"
"ПУСТОТА","7"
"НАД","7"
"НИБУДЬ","7"
"СЛОВНО","7"
"ОДНО","7"
"НИ","7"
"КУДА","7"
"СТОЯЛИ","7"
"МОГ","7"
"ЛЮДЕЙ","7"
"ВАШ","6"
"ТОМ","6"
"СТЕНЫ","6"
"ПРОШУ","6"
"ТРИ","6"
"ВЗГЛЯД","6"
"ОДНОЙ","6"
"СЦЕНУ","6"
"АВТОМОБИЛЬ","6"
"СТЕНЕ","6"
"СКАЗАТЬ","6"
"ЧЕЛОВЕКА","6"
"ПОТОМУ","6"
"ВСТАЛ","6"
"МАРМЕЛАДОВ","6"
"НАС","6"
"ВЫНУЛ","6"
"СДЕЛАЛ","6"
"СЛОВА","6"
"ОТВЕТИЛ","6"
"ПОШЕЛ","6"
"ЧЕГО","6"
"ОНА","6"
"ЭСТРАДЫ","6"
"ХММ","6"
"СВОЕЙ","6"
"ДВЕ","6"
"ТАКОЙ","6"
"ХОТЬ","6"
"СТРАННО","6"
"КАКИЕ","6"
"ДУМАЮ","6"
"КОТОРОГО","6"
"ПОЭТ","5"
"ВОКРУГ","5"
"МОГУ","5"
"СЛИШКОМ","5"
"ХОТИТЕ","5"
"КОМНАТУ","5"
"ВИДЕЛ","5"
"ДУМАЛ","5"
"СВОЕ","5"
"РАЗУМЕЕТСЯ","5"
"БАРБОЛИНА","5"
"СИДЕНЬЕ","5"
"САКВОЯЖ","5"
"МЕЖДУ","5"
"СТОЛИК","5"
"НЕСМОТРЯ","5"
"ПОСЛЕ","5"
"НАЗАД","5"
"АВТОР","5"
"ПОДНЯЛСЯ","5"
"МАТРОСЫ","5"
"ПОНИМАЮ","5"
"ЧЕРНОЙ","5"
"СНАЧАЛА","5"
"ДАЛЬШЕ","5"
"ГОРЛО","5"
"ПЕТР","5"
"ТЕБЕ","5"
"ДРУГИХ","5"
"ВРОДЕ","5"
"ТОЖЕ","5"
"ЗНАЛ","5"
"ТЕПЕРЬ","5"
"ЗДЕСЬ","5"
"ПЕТЯ","5"
"ПОЛУ","5"
"СТОРОНУ","5"
"ОЧЕНЬ","5"
"СТОЯЛ","5"
"КОКАИН","5"
"СОБОЙ","5"
"ТАБУРЕТ","5"
"МАУЗЕР","5"
"ЭТА","5"
"ИМЕННО","5"
"СЕЛ","5"
"ТЕБЯ","5"
"САМОМ","5"
"КАКАЯ","5"
"ВНИМАНИЯ","5"
"ВЗЯЛ","5"
"ИДЕТ","5"
"ТОЛСТОЙ","5"
"ОТКУДА","5"
"КО","4"
"МНОГО","4"
"ЗНАЕТЕ","4"
"КОМНАТЫ","4"
"ВИДА","4"
"ПАМЯТЬ","4"
"СТОЛЬКО","4"
"КОНЦЕ","4"
"СТЕНУ","4"
"ТЕКСТ","4"
"МОМЕНТ","4"
"ЖЕНЩИНА","4"
"ВМЕСТО","4"
"МЕРЕ","4"
"ДВУМЯ","4"
"РУКЕ","4"
"КАЖДЫЙ","4"
"ЧУТЬ","4"
"СВОЙ","4"
"СЛОВ","4"
"ЗАТЕМ","4"
"НЕМНОГО","4"
"КОРИДОР","4"
"КОТОРЫХ","4"
"РЕШИЛ","4"
"СТИХИ","4"
"ЧАСТЬ","4"
"ПИСТОЛЕТ","4"
"ИМ","4"
"СЛОВАМИ","4"
"ПОШЛИ","4"
"ВЕРНУЛСЯ","4"
"ОБРАЗОМ","4"
"СЦЕНЕ","4"
"ПАДАЛ","4"
"ВСЯ","4"
"ПОХОЖЕЕ","4"
"НИКАКОГО","4"
"МОЕГО","4"
"СТРАШНО","4"
"ДРУГ","4"
"СНЯЛ","4"
"МОГЛИ","4"
"ЯКОВЛЕВИЧ","4"
"КАЗАЛОСЬ","4"
"БУЛЬВАР","4"
"НАШ","4"
"ЗНАЕШЬ","4"
"УЖ","4"
"НИКАК","4"
"СВОИМ","4"
"ЭТИ","4"
"ИМЯ","4"
"ЧАШКИ","4"
"РЕВОЛЬВЕР","4"
"ХАЛАТЕ","4"
"ЭСТРАДУ","4"
"ЧК","4"
"ЦЕНТРЕ","4"
"ВСЕХ","4"
"НОГУ","4"
"ЗНАЕТ","4"
"БАБАЯСИН","4"
"ВПЕРЕД","4"
"СЕГОДНЯ","4"
"ТИХО","4"
"ОТЧЕГО","4"
"МЕДЛЕННО","4"
"ТОПОРОМ","4"
"ГИМНАСТЕРКЕ","4"
"БУДЕТ","4"
"ВАЛЕРИЙ","4"
"ВОЗЛЕ","4"
"СТИХОТВОРЕНИЕ","4"
"ПОСТОЯННО","4"
"СВОЕГО","4"
"ДРУГОЙ","4"
"МОЖНО","4"
"ОКАЗАЛИСЬ","4"
"УСПЕЛ","4"
"ВОДКИ","3"
"ГОДУ","3"
"ТУФЛЮ","3"
"ДНЯ","3"
"КРАЮ","3"
"ЕСТЬ","3"
"РОТ","3"
"ЖИВОТА","3"
"ПОСЛЕДНИЕ","3"
"ИДТИ","3"
"БОЖЕ","3"
"ЖИЗНЬ","3"
"ЗНАЮ","3"
"ПОНИМАЕТЕ","3"
"ЖЕНСКИЙ","3"
"ДРУГИМИ","3"
"НОГИ","3"
"ЗНАТЬ","3"
"КАКИМ","3"
"ВПОЛНЕ","3"
"ЛОБ","3"
"РЕВОЛЮЦИЮ","3"
"ТЕКСТА","3"
"МАЛИНОВСКАЯ","3"
"КРАСНЫЙ","3"
"ШВЫРНУЛ","3"
"ЗАЛА","3"
"ЯВЛЯЕТСЯ","3"
"ВИД","3"
"ВИНТОВКУ","3"
"ТЕХ","3"
"КАКОМ","3"
"ШЕЛ","3"
"ЗВУК","3"
"ЧАСТО","3"
"ЛИНИЮ","3"
"МОЛЧА","3"
"ДЕЛАТЬ","3"
"ДЕНЬ","3"
"ДОВОЛЬНО","3"
"ОДНОГО","3"
"НЕМ","3"
"СЕКУНД","3"
"ЧЕРТ","3"
"ДОМА","3"
"РОЯЛЬ","3"
"ДЕЙСТВИТЕЛЬНО","3"
"НАЦЕПИЛ","3"
"ВИДНЫ","3"
"УСАМИ","3"
"МАДАМ","3"
"РАЗДАЛСЯ","3"
"РЕВОЛЮЦИИ","3"
"ПОЧЕМУ","3"
"ВАМИ","3"
"СМЕРТИ","3"
"ВЕРНО","3"
"ВНИЗ","3"
"ТОРЧАЛ","3"
"ОТНОШЕНИЯ","3"
"ИСТОРИЯ","3"
"ФАКТ","3"
"БОЛЕЕ","3"
"ТИМУРОВИЧ","3"
"ГЛЯДЯ","3"
"ЛИТЕРАТУРЕ","3"
"ДУШЕ","3"
"ДЕРНУЛ","3"
"СОБСТВЕННО","3"
"ПОМНЮ","3"
"ПУБЛИКА","3"
"ГОВОРЯТ","3"
"ВЕШАЛКИ","3"
"СВИСТОК","3"
"СВОИХ","3"
"ХОТЕЛОСЬ","3"
"МИР","3"
"ПАРИКЕ","3"
"МЕСТО","3"
"КУЛИСЫ","3"
"УЛАДИМ","3"
"ГОВОРИЛ","3"
"НЕДАЛЕКО","3"
"ДУШУ","3"
"ПРИНЯЛСЯ","3"
"ПРОВЕСТИ","3"
"СИДЕЛИ","3"
"ТИМУР","3"
"ПОКА","3"
"ЛЕСТНИЦЕ","3"
"МАРАФЕТ","3"
"МИГ","3"
"ЛЮДИ","3"
"ЭТИМ","3"
"ЧЕРНОМ","3"
"РУКАВ","3"
"ТАКЖЕ","3"
"ЧАПАЕВА","3"
"НЕЙ","3"
"МАШИНА","3"
"СТОРОНЫ","3"
"ПРО","3"
"ВИДЕТЬ","3"
"ОТТУДА","3"
"ТОМУ","3"
"ОБЕРНУЛСЯ","3"
"ИСЧЕЗЛИ","3"
"ТВЕРСКОЙ","3"
"МИРОВОЙ","3"
"ПОДХВАТИЛ","3"
"ВИСЕЛ","3"
"ГОВОРИТЬ","3"
"КУЛИС","3"
"ТЕАТР","3"
"БОЛЬШОЙ","3"
"ТУДА","3"
"БЕЛОМ","3"
"БАНКУ","3"
"ВОШЛИ","3"
"КОТОРАЯ","3"
"ДРУГУЮ","3"
"ПРИНЯЛАСЬ","3"
"ТЕМНОЙ","3"
"ТОПОР","3"
"УЛЫБНУЛСЯ","3"
"ГЛАЗАМИ","3"
"ТЯЖЕСТЬЮ","3"
"ДРУГОЕ","3"
"СОМНЕНИЙ","3"
"ТАКИЕ","3"
"МАУЗЕРА","3"
"ПОЛАГАЮ","3"
"ПОСЛЕДНЕЕ","3"
"ЛУЧ","3"
"МЕЛЬКНУЛО","3"
"ЗАМЕТИЛ","3"
"ЕЛЕ","3"
"ЛЕГКО","3"
"ТОЛСТЫМ","3"
"ПОЛОВОЙ","3"
"КИНУЛСЯ","3"
"ПЕРЕДНЕМ","3"
"РАСКОЛЬНИКОВА","3"
"СМЕЯТЬСЯ","3"
"ПРЕДСТАВИТЬ","3"
"ЧЕРНЫЙ","3"
"ВСЕЙ","3"
"ЛИЦА","3"
"ЗАЧЕМ","3"
"ОНО","3"
"ДВЕРЬЮ","3"
"КРАЙНЕ","3"
"ПРОБОРМОТАЛ","3"
"БУМАЖКУ","3"
"НОВЫЕ","3"
"ПОР","3"
"ТРУБКУ","3"
"ВИДЕЛИСЬ","3"
"ЯСНО","3"
"ГРИША","3"
"УЛИЦЕ","3"
"ВПЕРЕДИ","3"
"ПРЕЖНЕЙ","3"
"ВТОРОЙ","3"
"КИВНУЛ","3"
"КАКИХ","3"
"ВРЕМЕНИ","3"
"ОЧЕРЕДНОЙ","3"
"ПОЧУВСТВОВАЛ","3"
"РАСКОЛЬНИКОВ","3"
"ПРИЧИНАМ","3"
"ТОГДА","3"
"НИКТО","3"
"БАРБОЛИНЫМ","3"
"ПЕРВОЙ","3"
"РУКАМИ","3"
"ВМЕСТЕ","3"
"ЧЕТВЕРО","3"
"МОЕМ","3"
"ЛУЧШЕ","2"
"ПОВТОРИЛ","2"
"ТА","2"
"УВИДЕТЬ","2"
"ЧЕРНОГО","2"
"МОСТОВУЮ","2"
"НАДЕТЬ","2"
"ПРОДОЛЖИТЬ","2"
"ЛАДОНЬ","2"
"ЛАДОНИ","2"
"СИЛ","2"
"УБИЙСТВО","2"
"ВКУСА","2"
"НОСОК","2"
"ГРУДЬ","2"
"ДОЛЬШЕ","2"
"ВЫРВАЛСЯ","2"
"ИОАНН","2"
"ПРИЧИНУ","2"
"ЧИСТЫЙ","2"
"ПАУЗУ","2"
"ДЕТСТВА","2"
"ПОБЕДУ","2"
"ПРИШЛИ","2"
"СМЫСЛ","2"
"ПОХОЖИМ","2"
"ВИДИТ","2"
"СТАЛО","2"
"ПОСЛЕДНИЙ","2"
"БРЮСОВА","2"
"МИМО","2"
"ЗАКАТИЛ","2"
"НОВАЯ","2"
"КНИГИ","2"
"НАТВОРИЛ","2"
"ПРОТИВОРЕЧИЕ","2"
"НЕКОТОРЫЕ","2"
"ДЕЙСТВИЕ","2"
"СТАЛ","2"
"МАРМЕЛАДОВЬ","2"
"НОГ","2"
"ЛИТЕРАТУРНЫХ","2"
"НОВОЕ","2"
"ЯВНО","2"
"ПОПЫТАЛСЯ","2"
"РУКАХ","2"
"КОМИССАР","2"
"ГОВОРИТЕ","2"
"СНЕГА","2"
"ПРОЩАЮ","2"
"ШТАНАХ","2"
"ФИЛЬМЕ","2"
"ПРЕДСТАВИЛСЯ","2"
"ИМИ","2"
"ПОДУМАТЬ","2"
"РАД","2"
"ПРОИЗВЕДЕНИЯ","2"
"СЗАДИ","2"
"ЗВЕЗДЫ","2"
"СТОЛИКАМИ","2"
"ПЕРЕДНЕЕ","2"
"ПЛЕЧА","2"
"СЛЫШНО","2"
"ТОЧНЕЕ","2"
"РЕДКИЕ","2"
"КРЫШКОЙ","2"
"СТОЛИКОВ","2"
"ПОМНИШЬ","2"
"ЧАШКУ","2"
"ДЕНЕГ","2"
"БОГА","2"
"ВНУТРИ","2"
"ТЕМУ","2"
"ВЫСТРЕЛОВ","2"
"ТОТ","2"
"ПРОШЛИ","2"
"СЛЕДЫ","2"
"ГОВОРИЛИ","2"
"ИМЕЛ","2"
"НЕПОДВИЖНО","2"
"СНЕЖИНКИ","2"
"СТАКАНА","2"
"ПОВОЛОК","2"
"ПАЛЬЦАМИ","2"
"ВИДЕН","2"
"ВЧЕРА","2"
"ВЫСОКИМИ","2"
"ПАРУ","2"
"ЛИРУ","2"
"ПЕТЬКА","2"
"СНЕГ","2"
"СНЕЖИНКАМИ","2"
"ЭТИХ","2"
"БЛОК","2"
"ЗАНАВЕС","2"
"ФАНЕРНОГО","2"
"НЕВЫРАЗИМО","2"
"КАПИТАНА","2"
"ТРОНУЛАСЬ","2"
"ЧЕЛОВЕКОМ","2"
"ПРЕДМЕТЫ","2"
"ОСТАЛСЯ","2"
"ИМЕЕТ","2"
"ПЛЕЧАМИ","2"
"ПОСМОТРЕЛ","2"
"ПОЖАЛ","2"
"ТИХИЙ","2"
"ОБРАТИЛИ","2"
"СЦЕНЫ","2"
"СТРАННЫМ","2"
"КОМНАТЕ","2"
"ПЛАКАТ","2"
"ПУЛЯ","2"
"МАЛЬЧИК","2"
"ИМЕЛИ","2"
"ЮНОСТЬ","2"
"ДВУХ","2"
"УПАВШЕГО","2"
"ВЫШЛИ","2"
"РЕШЕТКА","2"
"ГОРЛА","2"
"СПИНЕ","2"
"ХИТОН","2"
"СИХ","2"
"СМОГ","2"
"ПАТРУЛЕМ","2"
"ГОСТИНИЦЫ","2"
"САМОГО","2"
"ТЕКСТОМ","2"
"КУРТКУ","2"
"ВАШИ","2"
"АВТО","2"
"КАРМАНЕ","2"
"ПРИЖИМАЛ","2"
"БУЛЬВАРУ","2"
"РУКОЙ","2"
"УСАТЫЙ","2"
"ЦЕЛЬЮ","2"
"НАШЕМ","2"
"ВЫСТУПИТ","2"
"СТОЛОМ","2"
"МОЮ","2"
"МАСКЕ","2"
"ТВОЮ","2"
"МАЛЕНЬКАЯ","2"
"НЕПОНЯТНО","2"
"СЛОВО","2"
"ОКНЕ","2"
"НАЗВАНИЕ","2"
"ПАПИРОСУ","2"
"ВВЕРХ","2"
"БОЛЬШИНСТВО","2"
"НАЗЫВАЕТСЯ","2"
"СПОКОЙНО","2"
"ВСТАЛИ","2"
"СКАТЕРТИ","2"
"ПРОЧЕЛ","2"
"Р","2"
"КОНЕЦ","2"
"ВОЗМОЖНО","2"
"ТРЕХ","2"
"ДОСТОЕВЩИНА","2"
"ПОДНЯВШИСЬ","2"
"УДАРИЛ","2"
"ОТКРЫТОЙ","2"
"ПЕНСНЕ","2"
"КОСОВОРОТКЕ","2"
"СТРАННОГО","2"
"ЗАМЕР","2"
"ГОСПОДИНА","2"
"СТАЛИ","2"
"ПРОШЛО","2"
"МОИ","2"
"ДОЛГО","2"
"МНОЙ","2"
"ИГРАЛ","2"
"ВПЕРВЫЕ","2"
"ПОЯВИЛАСЬ","2"
"ЭБОНИТОВУЮ","2"
"ГРУДИ","2"
"ЧЕРНУЮ","2"
"ГЛУБОКО","2"
"СТОЛИКОМ","2"
"ОКНУ","2"
"ПОЯВИЛИСЬ","2"
"КОЖАНКУ","2"
"МОИМИ","2"
"СОБИРАЯСЬ","2"
"НЕКТО","2"
"ГЛУПО","2"
"ШИРОКО","2"
"ВЕТЕР","2"
"ТЕЛА","2"
"ПОТОКЕ","2"
"БУШЛАТАХ","2"
"СЛЫШАЛ","2"
"ПОДНОСЕ","2"
"БЛОКА","2"
"БАНКА","2"
"САКВОЯЖА","2"
"НАЧАЛОСЬ","2"
"ВЫСТРЕЛ","2"
"ОБЪЯСНИТЬ","2"
"ПОТОЛОК","2"
"ДРУГА","2"
"ИМЕЛА","2"
"АВТОРОМ","2"
"ВИКТОР","2"
"ТЩАТЕЛЬНО","2"
"ВОПРОС","2"
"КРУГЛЫМИ","2"
"СТИХАМИ","2"
"ПОГОВОРИТЬ","2"
"ДЛИННОЙ","2"
"ПРИЙТИ","2"
"ОКОНЧАТЕЛЬНОГО","2"
"СПРЯТАЛ","2"
"ЛЕТ","2"
"ПУСТОЙ","2"
"РАБОТЫ","2"
"ЭТОМУ","2"
"МОГУТ","2"
"СИМВОЛ","2"
"РУССКОГО","2"
"ФОРМАЛЬНЫЙ","2"
"ЗВУКИ","2"
"ПОГЛЯДЕЛ","2"
"ПОЛИТИКИ","2"
"ПОНЯТЬ","2"
"КУРОК","2"
"ДВЕРИ","2"
"ПОНЕСЛИ","2"
"ПАЛЬЦЕМ","2"
"ВСЯКИХ","2"
"ОДНОВРЕМЕННО","2"
"РЕВОЛЮЦИОННЫМИ","2"
"ДОЛГУЮ","2"
"ПЕЛЕВИН","2"
"ПОТЯНУЛ","2"
"ЧУВСТВО","2"
"ДОНОСИЛСЯ","2"
"БУМАГИ","2"
"РЕДКО","2"
"БОЙЦЫ","2"
"ЧУДОВИЩНОЕ","2"
"ЭТИМИ","2"
"БЕЛЫХ","2"
"ТРАГЕДИЯ","2"
"КВАРТИРЕ","2"
"БУЛЬВАРА","2"
"СЛЕДУЕТ","2"
"ВОЛИ","2"
"ОТЧЕТЛИВО","2"
"ПЕРЕБИЛ","2"
"ГОСПОДА","2"
"ПОЛУТЕМНЫЙ","2"
"НЕЛЬЗЯ","2"
"НИМИ","2"
"НОВОМ","2"
"ПОМЕЩАЛОСЬ","2"
"НЕЖНО","2"
"ЛИЦОМ","2"
"ЛЕСТНИЦУ","2"
"ПРЕЖНЕМУ","2"
"ВИДЕ","2"
"ПАВЛУХИН","2"
"ГЛЯДЕЛ","2"
"ЧАЙНИКА","2"
"ЗАКРЫЛ","2"
"ОТКРЫЛАСЬ","2"
"ГОДОВ","2"
"ФОРМЕ","2"
"КОБУРЫ","2"
"СОБСТВЕННОЙ","2"
"ДОВЕРЯЕШЬ","2"
"САДЯСЬ","2"
"ПОКАЧНУЛСЯ","2"
"ПРОИСХОДЯЩЕЕ","2"
"ЗНАКОМЫ","2"
"САМЫЙ","2"
"ИДУ","2"
"МЫСЛИ","2"
"МОЯ","2"
"ОТРАЗИЛОСЬ","2"
"ПРЕДСТАВИЛОСЬ","2"
"НОСИЛ","2"
"ЧЕРНЫХ","2"
"ДВИЖЕНИЕМ","2"
"ПРОТЯНУЛ","2"
"ХРИСТОС","2"
"ДЕНЬГИ","2"
"ТЕЛЕФОНУ","2"
"ОСТАВАЛОСЬ","2"
"КОКАИНОМ","2"
"ВИДНА","2"
"ОСТАНОВИЛСЯ","2"
"МОЕ","2"
"СОВСЕМ","2"
"ШОФЕР","2"
"ТАБЛИЧКИ","2"
"ДЫМА","2"
"ДВОЕ","2"
"НЕС","2"
"ФРАКЕ","2"
"ДЛИННЫЕ","2"
"КРУПНЫЙ","2"
"ЛИТРЕС","2"
"ПОСТАВИЛИ","2"
"ГОДА","2"
"КЕМ","2"
"НУЖНО","2"
"ИСТОРИИ","2"
"ЖЕСТЯНАЯ","2"
"ДАВНО","2"
"ПИЛЫ","2"
"ШАГ","2"
"ТРОЕ","2"
"КРАСНАЯ","2"
"ПОДХВАТИЛИ","2"
"ВЗГЛЯДЕ","2"
"ЧУВСТВУЯ","2"
"СМОТРЕЛИ","2"
"НАША","2"
"СЕЛИ","2"
"ХМЫКНУЛ","2"
"ПРИЧИНА","2"
"ОГЛЯДЕЛСЯ","2"
"ПРОЙДЯ","2"
"КНИГУ","2"
"КОРИДОРЕ","2"
"АКТЕР","2"
"ДОЛЖЕН","2"
"ПОДУМАЙ","2"
"БОМБУ","2"
"ТВЕРДО","2"
"КРОМЕ","2"
"НЕБО","2"
"ЗАМЕТНО","2"
"ЗЕРКАЛО","2"
"ШУТИМ","2"
"ТАКОЕ","2"
"СВОИ","2"
"ЯРКО","2"
"ПРОВЕДУ","2"
"НАДЕЛ","2"
"ПРОДОЛЖИЛ","2"
"ОПРЕДЕЛИЛ","2"
"ВЫСТРЕЛИЛ","2"
"КОТОРЫМ","2"
"КАБИНУ","2"
"ЖИВОЙ","2"
"ИНСТРУМЕНТА","2"
"ХОТЕЛ","2"
"ЛИК","2"
"ОБ","2"
"ЛИШЬ","2"
"ФАМИЛИЕЙ","2"
"ЗАДУМЧИВО","2"
"ПРИМЕРУ","2"
"КОКАИНА","2"
"ЧЕЛОВЕКЕ","2"
"ГЕРОЙ","2"
"ГРИГОРИЯ","2"
"КОТОРОЕ","2"
"КРАСНЫМИ","2"
"СОБИРАЛСЯ","2"
"ПОДОШЕЛ","2"
"КАРМАНА","2"
"ПРОИСХОДИТ","2"
"ВЕРОЯТНО","2"
"ДЕРЖА","2"
"СНЕЖНОЙ","2"
"КОРОТКИЙ","2"
"ВСЕГО","2"
"КРИКНУЛ","2"
"УСПЕЛИ","2"
"БРОНЕВИК","2"
"НАУГАД","2"
"МАТРОС","2"
"СВОЛОЧИ","2"
"ВЭТОТ","2"
"ДЕЛЕ","2"
"ГОРОХОВОЙ","2"
"УСНУЛ","2"
"ДОШЛИ","2"
"ВЫПИЛИ","2"
"ПЕТЕРБУРГЕ","2"
"МГНОВЕННО","2"
"СТАРУХИ","2"
"ВНУТРЕННЕЙ","2"
"КРАСИВЫЙ","2"
"ПОРОШКА","2"
"МАНЕРЕ","2"
"СТОЛЕ","2"
"КОТОРУЮ","2"
"ЗРИТЕЛЬНЫМ","2"
"ПОРАЗИТЕЛЬНО","2"
"СЛОЕМ","2"
"БАРХАТНЫЙ","2"
"ДЛИННЫХ","2"
"ДОСТАТОЧНО","2"
"КОРИДОРУ","2"
"РЕДАКТОР","2"
"ВЕЧЕР","2"
"ХОЧЕТ","2"
"СТОЯЛА","2"
"ИСПЫТЫВАЛ","2"
"ПРИ","2"
"ЛЮБОЙ","2"
"ПЕРВЫМ","2"
"ЖЕСТЯНКУ","2"
"ОТКРЫВ","2"
"БЛИЗКО","2"
"СНИМИТЕ","2"
"ДУШИТЬ","2"
"ДЕТСТВЕ","2"
"МОНГОЛЬСКИЙ","2"
"ВХОДА","2"
"ОТРАЖЕНИЕ","2"
"НАЛИЛ","2"
"ТРУПЕ","2"
"МЕСТЕ","2"
"ДУХЕ","2"
"ПИРОЖОК","2"
"ТЕАТРА","2"
"НАВСТРЕЧУ","2"
"ЗАСТАВИЛО","2"
"НОЖ","2"
"ТЕАТРОВ","2"
"ИВАН","2"
"БРОСИЛ","2"
"ВИСЕЛО","2"
"ЧЕЙ","2"
"ГОЛОС","2"
"ПАХЛО","2"
"БОЛЬШЕВИКА","2"
"УГОДНО","2"
"КОСИЧКОЙ","2"
"ПАРА","2"
"ПОПАЛ","2"
"РАВНО","2"
"ЛЕГЧЕ","2"
"НЕМЕДЛЕННО","2"
"РАССКАЗ","2"
"СМЕШНО","2"
"УЛИЦУ","2"
"ЗАЛУ","2"
"РУССКИМ","2"
"НАГАНА","2"
"СОСЕДНИХ","2"
"МНОГИЕ","2"
"КАРТОНА","2"
"ВЫХОДИЛО","2"
"ПУСТА","2"
"ПОВЕСТВОВАНИЯ","2"
"РУКОПИСИ","2"
"ОПИСАТЬ","1"
"ЩЕКИ","1"
"КЛЕТКАМ","1"
"КОНЧИТЬСЯ","1"
"ПОВОДУ","1"
"БЕЛЫМИ","1"
"ВСКОЧИТЬ","1"
"РУБАШКА","1"
"ГРУБУЮ","1"
"СУТЬ","1"
"СОБИРАЮТСЯ","1"
"ПУТЕШЕСТВИЕ","1"
"БРАДОБРЕЙ","1"
"ЧУВСТВОВАЛ","1"
"ГОЛЫЕ","1"
"ДОМ","1"
"ВПОРУ","1"
"СКАЖУ","1"
"ЗАСЛУГУ","1"
"ВЕЩИ","1"
"СТАНОВИТСЯ","1"
"ЛИКЕРА","1"
"ЧАСТНОЕ","1"
"ОБИДУ","1"
"АРЕСТОВАТЬ","1"
"СПЯЩЕГО","1"
"СКАТЕРТЬ","1"
"ПЕРЕПЛЫТЬ","1"
"ИЗВЕСТНЫЙ","1"
"ПОТЕРЯЛ","1"
"ПРИЗНАЮСЬ","1"
"ЧТОБ","1"
"СВИСТНУТЬ","1"
"ЛЕЖИТ","1"
"КРАСОТЫ","1"
"ПОДСТРОИТЬ","1"
"ОБЪЯВИТЬ","1"
"РАЗГРОМ","1"
"ГОСУДАРЯ","1"
"ОТЧАЯНИЕ","1"
"КРЕПКО","1"
"СКРИПОК","1"
"ЯРКИХ","1"
"ХАН","1"
"КРАСНЕЛ","1"
"МЕЛА","1"
"ДВИЖЕНИЯХ","1"
"ПРИКЛАДОМ","1"
"КИНУТЬ","1"
"ЧУВСТВУЮ","1"
"МИСТИЧЕСКОМ","1"
"ПЕРЕШЛИ","1"
"ПОДЛИННЫЕ","1"
"ДЖАМБОН","1"
"ТРЕЗВО","1"
"ТРЕХГЛАВЫЙ","1"
"РЕЛИГИОЗНОГО","1"
"ТИШИНЕ","1"
"КРОВЬ","1"
"ПАРЫ","1"
"ЧЕСТНО","1"
"ПРОПАДАЮТ","1"
"НИЗ","1"
"ПЕРЕМЕНЕ","1"
"МОТИВАМИ","1"
"ЭНЕРГИИ","1"
"ПРИЛИВ","1"
"ОЖИДАНИЕ","1"
"ТОБОЙ","1"
"ДОЙДЯ","1"
"ПОСЛУШАЮ","1"
"СПИ","1"
"ВАШЕМУ","1"
"СКАЛ","1"
"КОЖЕЙ","1"
"ЗЕМСКОГО","1"
"ДОГНАТЬ","1"
"ИНОЕ","1"
"РОЗОВЫМИ","1"
"ИСКЛЮЧЕНЫ","1"
"ТЕМНОТА","1"
"ПОДВОРОТНИ","1"
"СОСЕДСТВА","1"
"НАБРОСИЛА","1"
"СУДИТЬ","1"
"ВЕГО","1"
"ПРИНИМАЕТЕ","1"
"КУСКОВ","1"
"МАРМЕЛАДОВА","1"
"РАЗБУДИВШИЙ","1"
"ФАЗЫ","1"
"ЦЕРЕМОННО","1"
"ДОГАДАЛСЯ","1"
"ВЕДЕТ","1"
"ОБРАЗ","1"
"ГЛЯДЯТ","1"
"ПРОМЕЖУТКЕ","1"
"ПОХОЖ","1"
"ЧАСТИ","1"
"ПАПКА","1"
"ВЧЕРАШНИЙ","1"
"ТАКИМ","1"
"БЕЛЫМ","1"
"ДЮМА","1"
"СПОСОБНОСТИ","1"
"ДЕСЯТИДОЛЛАРОВАЯ","1"
"МОЛОДЕЦ","1"
"РАЗВОПЛОЩЕННОЙ","1"
"СПРАВИТЬСЯ","1"
"ЛИХОРАДОЧНО","1"
"ДОКАЗАТЕЛЬСТВОМ","1"
"ОБЛАДАЮЩИЙ","1"
"ОБРАТИЛСЯ","1"
"ПИШЕШЬ","1"
"ГОЛОВА","1"
"ПОСЛЕДОВАТЬ","1"
"АВТОМОБИЛЮ","1"
"ИСАКИЯ","1"
"НИКАКОЙ","1"
"ПОВЕДЕНИИ","1"
"ЗАГОВОР","1"
"БАСОМ","1"
"БЛАНКЕ","1"
"ПОДОБРАВ","1"
"КАЖУЩЕЕСЯ","1"
"ЯВНЫЕ","1"
"ДИКО","1"
"ПЕТЕРБУРГСКИЙ","1"
"ВСЕМИ","1"
"ДЕВУШКИ","1"
"КОМПАНИЮ","1"
"УВАЖИТЕЛЬНО","1"
"ПОМОГАЮТ","1"
"ЗАГОВОРА","1"
"СТАКАНОМ","1"
"ОПИСАНИЯ","1"
"ГОДОВЩИНЕ","1"
"ПЕСТРАЯ","1"
"ОСТАНОВИВ","1"
"ЗАДУШЕВНЫЕ","1"
"ДОВЕРШАЛ","1"
"КАЧНУЛ","1"
"СОЛДАТСКОЙ","1"
"ОБЪЯСНИТЕСЬ","1"
"АЛЕКСАНДРА","1"
"БОКОВОМУ","1"
"ИСКАЖЕНЫ","1"
"БУТЫЛКА","1"
"БЕЗЗВУЧНЫМ","1"
"СОН","1"
"ПИНКИ","1"
"СУДЬБЫ","1"
"НАСЧЕТ","1"
"ПРИСЯДЬТЕ","1"
"ЭГРЕГОР","1"
"УДАЕТСЯ","1"
"ПУСТОТУ","1"
"РЕЧЬ","1"
"ШНЫРЯЯ","1"
"ОХВАТИВШАЯ","1"
"НЕРАЗБОРЧИВАЯ","1"
"ТРОЛЛЬ","1"
"ЗНАЧИТЕЛЬНО","1"
"СТОЛА","1"
"КСОЖАЛЕНИЮ","1"
"ОСНОВАННЫХ","1"
"ДЕВЯТНАДЦАТОГО","1"
"УВИТОЙ","1"
"СОЗНАТЕЛЬНЫЙ","1"
"НЕПРИЯТНОГО","1"
"СТОРОНАМ","1"
"СТРАННОЕ","1"
"ПОТРЯСЕНИЯ","1"
"ВЛЕКУЩЕГО","1"
"УГЛЕМ","1"
"ПЛАЩАХ","1"
"АПОЛЛОНА","1"
"МОСТОВОЙ","1"
"ФА","1"
"УДОСТОВЕРЕНИЕ","1"
"УВЕРЯЕТ","1"
"СТЕТОСКОП","1"
"ПРИКРЕПИЛИ","1"
"БУДДИСТСКИМ","1"
"ЗАНАВЕСКАМИ","1"
"ИЗИДЕ","1"
"УВЕШАННЫЙ","1"
"ПОПЫТКОЙ","1"
"ДОСТАТОЧНОЙ","1"
"КОМИССАРОМ","1"
"НУЖДАЮТСЯ","1"
"ТРИКО","1"
"ЧУГУННЫЙ","1"
"НЕГЛУБОКИ","1"
"ПЕРЕГАРОМ","1"
"ЧЕТЫРЕ","1"
"ВСТРЕЧАЛ","1"
"ТОЛСТУХА","1"
"СПИНУ","1"
"ЛЕНТЫ","1"
"НЕОЖИДАННО","1"
"АКУШЕРСКОГО","1"
"МРАЧНЫЙ","1"
"САМАЯ","1"
"СТАВЯТ","1"
"ПОДНЯЛИ","1"
"LFROM","1"
"КОНЕЧНОМ","1"
"АКУШЕРСКИЙ","1"
"ЖЕЛАНЬЯ","1"
"СОРВАЛ","1"
"СВЕРКАЮТ","1"
"ФУРМАНОВ","1"
"КОНЬКАХ","1"
"НАЧАЛЬНИК","1"
"РОЯЛЮ","1"
"ИСПОЛНЕН","1"
"СДЕЛАЛА","1"
"НОВОЙ","1"
"КОЕЙ","1"
"ДВИГАЛСЯ","1"
"УДИВИЛСЯ","1"
"ПОДЧИНЯЛИСЬ","1"
"ИТАК","1"
"НИКУДА","1"
"ОПИУМ","1"
"ЗНАЧИТЕЛЬНЫЕ","1"
"ФОРТОЧКЕ","1"
"ФРАЧНИК","1"
"АЛОЙ","1"
"РАНЬШЕ","1"
"ВЫЗЫВАЕТ","1"
"ТЮКОВ","1"
"ЧЕКИСТСКОМ","1"
"ХЛОПАЛА","1"
"УДОБНЫМ","1"
"ЖЕЛАНИЯ","1"
"СПРАВА","1"
"ЗАТЯНУТЫХ","1"
"ХУМ","1"
"СКРУЧЕНЫ","1"
"КАВАЛЕРИЙСКИМ","1"
"ПОДОШЛИ","1"
"ФАРЕС","1"
"СПИНОЙ","1"
"БРИТВОЙ","1"
"ПЕТРОГРАДЕ","1"
"НЕСПЕШНО","1"
"СПЕЦИАЛИСТЫ","1"
"ОБЯЗАТЕЛЬНО","1"
"КАМЕРНЫЙ","1"
"СМУТИТЬ","1"
"ОТСТРЕЛИВАЛСЯ","1"
"ВСЕРЬЕЗ","1"
"ТРЕПАЛАСЬ","1"
"БРОДЯТ","1"
"АЛЕКСЕЮ","1"
"ШЕПОТОМ","1"
"РАСПЕВНО","1"
"СЪЕХАВШЕМ","1"
"ПРИОБРЕЛ","1"
"УВАЖЕНИЯ","1"
"ЛАМПА","1"
"БУТЫЛОК","1"
"ПЕРЕБИРАТЬ","1"
"ГОДЫ","1"
"ВНУТРЬ","1"
"НАЛИТЬ","1"
"ПАЛУБА","1"
"ПОСЫЛАЮ","1"
"ФИНАЛА","1"
"ВНУТРЕННОСТИ","1"
"ДЕНЬГАХ","1"
"НЕВОЗВРАЩЕНИИ","1"
"ВЛЕЗЛИ","1"
"ПОДНЕС","1"
"НЕАУТЕНТИЧНОСТИ","1"
"ПРОЧИТАЙТЕ","1"
"ДУЛО","1"
"НАЙТИ","1"
"ПРЕДАВШЕГОСЯ","1"
"ВСКОРЕ","1"
"ЛОВЯ","1"
"РАЗВЕШИВАТЬ","1"
"ЗАСТАВИВ","1"
"ПРОНУМЕРОВАНЫ","1"
"СТАРАЕШЬСЯ","1"
"НАШУ","1"
"ТВОЕГО","1"
"УГЛУ","1"
"ПРИМКНУТЫМИ","1"
"МОЗГАМ","1"
"АРЕСТ","1"
"НАЧИНАЛО","1"
"АЛЕКСАНДР","1"
"ТИПЫ","1"
"ВЕТРУ","1"
"ОБСТАНОВКЕ","1"
"ПОЗВОЛЬТЕ","1"
"БОЛЬШИМ","1"
"НРАВЯТСЯ","1"
"РЕШИТЕЛЬНЫЙ","1"
"ПОНРАВИЛАСЬ","1"
"КУЛИСАХ","1"
"ОРУЖИЕ","1"
"ЗАКИВАЛ","1"
"ОБЫЧНЫЙ","1"
"ТАБЛИЧКУ","1"
"ЭХ","1"
"ЗАОРАЛ","1"
"ОСОБО","1"
"СТОРОН","1"
"ПЫЛЬНЫЕ","1"
"ПОГЛОЩЕНО","1"
"НЕУЗНАВАЕМО","1"
"КАНЦЕЛЯРСКАЯ","1"
"ТОНЕТ","1"
"ЗРИТЕЛЕМ","1"
"НЕПОСЛУШНОГО","1"
"НАШИХ","1"
"ИЗРЯДНЫМ","1"
"МЕХАНИЧЕСКИ","1"
"ВОЕННАЯ","1"
"СИДЕНЬЕМ","1"
"ВЫЛЕЗ","1"
"СВЕТИЛИСЬ","1"
"ГУЛКИЙ","1"
"РУССКОЙ","1"
"СВЕТОМ","1"
"ПРЯМОУГОЛЬНИК","1"
"ПЕНТАГРАММА","1"
"ПИНКОМ","1"
"ЗНАК","1"
"ИЗВЛЕКАЛ","1"
"МАШИНЫ","1"
"КРУТАНУЛ","1"
"ПООДАЛЬ","1"
"БУЛЬВАРЕ","1"
"РАБОТНИКОМ","1"
"РЕЗКО","1"
"ТОЛПА","1"
"ЭГОПУПИСТИЧЕСКОГО","1"
"РУКОЯТЬ","1"
"ГАОЛЯНА","1"
"ФУРАЖКУ","1"
"ПРОВАЛИТЬСЯ","1"
"КУЗОВАМИ","1"
"СИГНАЛ","1"
"ДОКАЗАТЕЛЬСТВА","1"
"ЗАДАЧА","1"
"ОТВРАЩЕНИЕ","1"
"СОТНИ","1"
"РАБОТНИК","1"
"САМОЕ","1"
"ЛЕЖАЩИХ","1"
"УКАЗАТЬ","1"
"БУДТО","1"
"ОНЕМЕЛО","1"
"БУБЛИК","1"
"БЛЮДО","1"
"ЯСЕН","1"
"ПОЛУГОЛАЯ","1"
"ЦИТАТА","1"
"ОТДАМ","1"
"СЕКРЕТУ","1"
"ХОЛОДНОЙ","1"
"БЛАГУ","1"
"ПОДВИНУЛ","1"
"ПРАВДОЙ","1"
"ЧАПАЕВЕ","1"
"БЕЗБРЕЖНЫЙ","1"
"ВЗГЛЯДОМ","1"
"МЕЛОДИЧНЫЙ","1"
"ИБСЕНОВСКИЙ","1"
"Т","1"
"ОБЫЧНО","1"
"ЛЬДУ","1"
"ГЛЯНЬ","1"
"ПОНИМАНИЕ","1"
"ПРИКРЕПЛЕНА","1"
"ДУХОВНАЯ","1"
"РАЗЫГРАНА","1"
"НАБРОСИЛ","1"
"СТОЛИКА","1"
"ПЕРЕДЕРГИВАЮЩЕГО","1"
"БОНУСНЫМИ","1"
"ИНТЕРЕСНОЕ","1"
"ЗЕРКАЛЕ","1"
"БОЛЬШОМ","1"
"НОЗДРИ","1"
"ПОВОДКЕ","1"
"КРОВАТКИ","1"
"УСИЛИЕ","1"
"ПОМОЧЬ","1"
"СТРАСТНОЙ","1"
"БЕРЯСЬ","1"
"КУРИЛ","1"
"ТЕЛЕФОНА","1"
"КРОВАТИ","1"
"ОТСТРАНИТЬСЯ","1"
"ХЛОПНУЛА","1"
"ЭРНЕНОМ","1"
"МУЗЫКУ","1"
"ВОЗЬМЕМ","1"
"ПРЕДОСТАВЛЕН","1"
"ВСАДИЛ","1"
"ЖАНРОВОЕ","1"
"ГУБУ","1"
"ИРОНИЗИРОВАТЬ","1"
"ПЕРВЫЙ","1"
"КОНСЕРВНЫЙ","1"
"ВЛАСТИ","1"
"СОСЕДНЯЯ","1"
"ПЕРЕДНИМ","1"
"ХЛЯСТИКОМ","1"
"КИСЛО","1"
"БЫСТРЫМИ","1"
"ИЗМОЖДЕННОМ","1"
"НЕЗЕМНОГО","1"
"ЖИТЕЛИ","1"
"ШЛЕМ","1"
"МОТИВ","1"
"ПРЕКРАСНЫХ","1"
"ПРАКТИЧЕСКИ","1"
"ХОРОШУЮ","1"
"ПОЛОВИНЕ","1"
"УБЬЮТ","1"
"АВТОМОБИЛЕЙ","1"
"ДЕЙСТВУЮЩЕМ","1"
"ЗАГОВОРИВ","1"
"БЕШЕНО","1"
"ВСЯКОМ","1"
"ПОУЧИТЕЛЬНО","1"
"КАШЛЯ","1"
"ОТЛИЧНАЯ","1"
"УХ","1"
"СТУЛЕ","1"
"КАРТИННО","1"
"ЛОШАДИНЫЕ","1"
"ПРОБУЯ","1"
"ДОЛЖНО","1"
"ИНТОНАЦИИ","1"
"БЛАГООБРАЗНЫЙ","1"
"ОСОБЫХ","1"
"ГАДАЯ","1"
"ИЗУМЛЕНИЕМ","1"
"КОЛИЧЕСТВО","1"
"САЛОНАХ","1"
"МАНЕРА","1"
"ПОРТРЕТА","1"
"СТРАХОМ","1"
"ЖИР","1"
"ИДИ","1"
"ВЫШЛА","1"
"ШТОРМ","1"
"НОРОВЯТ","1"
"ТРЕБУЕТСЯ","1"
"ЭФИРУ","1"
"НЕОБХОДИМО","1"
"УТРЕННИМ","1"
"УДАРИЛА","1"
"ПОЛНУЮ","1"
"ХЛЕБА","1"
"ГЛАЗАХ","1"
"РИСКОВАННОСТЬ","1"
"ВЫПЛЯСЫВАТЬ","1"
"НЕПОСРЕДСТВЕННАЯ","1"
"НАСТОЯЩЕГО","1"
"ФОНАРЯ","1"
"УНИЗИТЕЛЬНА","1"
"МЕЛАНХОЛИЯ","1"
"ПРОЧЬ","1"
"ОТВАЖНАЯ","1"
"ЗАТИХ","1"
"ПИСТОЛЕТА","1"
"ОТКРЫЛСЯ","1"
"ПОДОЗРИТЕЛЬНОЕ","1"
"КАБИНКИ","1"
"РЕАЛЬНОГО","1"
"НАРОДНЫЕ","1"
"ХОДИЛ","1"
"ТЕМНЫХ","1"
"ОХНУЛ","1"
"ПРИКАЗ","1"
"ГАММЕ","1"
"ФРАЗУ","1"
"ПОСЛЫШАЛИСЬ","1"
"ОРДЕН","1"
"СТРОГО","1"
"СТАРУХУ","1"
"НОВЕЙШЕМ","1"
"ЗАМЕРШЕЕ","1"
"НАСТОЯЩЕЙ","1"
"АНКОЙ","1"
"УТЫКАННЫЕ","1"
"ПРОСТОРНУЮ","1"
"МАЛЕНЬКИЕ","1"
"ЭЙФОРИЮ","1"
"ОТОРВАТЬ","1"
"ТАБАКЕРКА","1"
"УЗНАЛ","1"
"ПЕЧАЛЬНЫМ","1"
"ВЫЗВАТЬ","1"
"РУМЯНЦЕМ","1"
"МУЗЫКАЛЬНАЯ","1"
"ЧИТАЛ","1"
"ВТОЛКНУЛИ","1"
"ЦЕЛИКОМ","1"
"ЛЕГКОГО","1"
"ТОВ","1"
"ВИЗГ","1"
"СНОВА","1"
"ПОЛЬСТИЛО","1"
"ЧИТАТЕЛЯ","1"
"СПОКОЙНОМ","1"
"УЧИЛИСЬ","1"
"ВЫГЛЯДЕЛ","1"
"ДВАДЦАТЬ","1"
"СПОСОБЕН","1"
"ПОВЕСТВОВАНИИ","1"
"ВИНОЙ","1"
"МОЗГ","1"
"НАПИСАННАЯ","1"
"СТАРАТЕЛЬНО","1"
"ТУХЛОЕ","1"
"ВЕРНЕЕ","1"
"ТРЕСНУТОМ","1"
"СЛУШАЛ","1"
"ПАУЗЫ","1"
"ВАЛЯЛИСЬ","1"
"ИКОНУ","1"
"КРАСНО","1"
"ЭКСЦЕССУ","1"
"ХУДОЖЕСТВЕННЫМИ","1"
"СИДЕВШЕМУ","1"
"УКРАСТЬ","1"
"БАЛТИЙСКИМ","1"
"ПОЧЕТНЫХ","1"
"НАСРЕДДИНА","1"
"ЗАМИРАЮЩЕЙ","1"
"БЕЗВКУСНО","1"
"ЦИФРАМИ","1"
"КИНУТЬСЯ","1"
"ВЫСОКО","1"
"МАТРОСАХ","1"
"БУМАГЕ","1"
"ПОВЕСТВОВАТЕЛЯ","1"
"ПРЫГНУЛА","1"
"МАЛЕНЬКОЙ","1"
"СПАТЬ","1"
"НАБРАННЫЙ","1"
"НЕВЫНОСИМОЙ","1"
"СИЯНИЕ","1"
"ГЛАВНЫМ","1"
"ПРЕСЛЕДУЮЩУЮ","1"
"ВЗГЛЯДА","1"
"ПОДРЯД","1"
"РАСПЯТИЕ","1"
"ПОЗДРАВЛЯЮ","1"
"ПРОКУРЕННОГО","1"
"ИНТЕРЕСНАЯ","1"
"ПРИЖИМАЯ","1"
"БЕЛОМУ","1"
"МЧАВШИЙСЯ","1"
"НАКИНУЛ","1"
"РАДУЖНЫЕ","1"
"РАЗНОЦВЕТНЫХ","1"
"КУЛЬТУРЕ","1"
"ДНЕВНОЙ","1"
"НОС","1"
"НАКЛОНИЛСЯ","1"
"ГРЕЧЕСКИХ","1"
"УНЕСТИ","1"
"СКРЫТЬ","1"
"КОЖАНКЕ","1"
"СКРИП","1"
"ШИПЕНИЕ","1"
"ЩЕДРО","1"
"НЕЯСНОГО","1"
"МАСКАХ","1"
"ПЕРЕЖИТОГО","1"
"РЮМКИ","1"
"МАСКУ","1"
"ВЫТЕСНЯЕТСЯ","1"
"ПРИКУСИЛ","1"
"ДЫХАТЕЛЬНОЕ","1"
"ЕЙ","1"
"ПОКАЖЕМ","1"
"НЕКОТОРЫЙ","1"
"ВСПОМИНАЯ","1"
"НАМЕКАТЬ","1"
"НАСТУПИВШЕЙ","1"
"ТЕАТРЕ","1"
"СПРОСИЛИ","1"
"ГЕНЕРАЛЬНЫЙ","1"
"СНЯЛО","1"
"ВЫНУТЫ","1"
"ПАРКЕТ","1"
"СОЦИАЛ","1"
"НАКЛОНИЛ","1"
"ОБШАРИЛ","1"
"ВЫДАЛИ","1"
"БОГ","1"
"ПАЧКА","1"
"СКАЖЕШЬ","1"
"БЕЗУМНОГО","1"
"ГОРИЗОНТУ","1"
"ГЛАВНОЕ","1"
"НАПОМИНАВШИЕ","1"
"НЕВИДИМОМ","1"
"ОПРОКИНУЛ","1"
"КОЛИЧЕСТВОМ","1"
"ГЕНИАЛЬНАЯ","1"
"ПОЛЕЗ","1"
"УВИДИТЕ","1"
"НЕПОДВИЖНЫЕ","1"
"ОПЫТОВ","1"
"ФИКСАЦИЯ","1"
"ДВИГАЛ","1"
"ПОЛОСНУЛ","1"
"ВЫНЫРНУЛ","1"
"ПОЛНОЙ","1"
"СИЛА","1"
"НАЧНЕТСЯ","1"
"ПЕРЕВОДЕ","1"
"ЗВЕНЯ","1"
"АЛЛЕЯМ","1"
"ПОБЕЖАЛ","1"
"ЦЕЛЬ","1"
"ЭХОМ","1"
"СТРУНЫ","1"
"ЦЕННОСТЬ","1"
"СХОДИТЬСЯ","1"
"УЛЫБАЯСЬ","1"
"ПОДВИНУЛСЯ","1"
"РОМБАХ","1"
"ПУСТИЛ","1"
"СКРУГЛЕННОЕ","1"
"ПРЯТАЛИСЬ","1"
"МЕРТВОГО","1"
"ИЗБЕГАЮ","1"
"ПЕТЕРБУРГСКИХ","1"
"УШЛИ","1"
"ОПУСКАЯ","1"
"ЯЗЫКЕ","1"
"НЕСУРАЗНЫЙ","1"
"ПЕРЕСКАЗЫВАЛАСЬ","1"
"ЛЕГКАЯ","1"
"НЕСУГГЕСТИВНОЕ","1"
"НАСТИГЛО","1"
"ПУСТАЯ","1"
"ПОРОЙ","1"
"ХИТОНОМ","1"
"КАТЕРНАМИ","1"
"РАССКАЗЫВАТЬ","1"
"СУЖДЕНО","1"
"РАБОТАЛ","1"
"ПОРТЬЕРА","1"
"МЕТОДУ","1"
"ГОРАЗД","1"
"2","1"
"СДЕЛАЛСЯ","1"
"ШИК","1"
"БЕССМЫСЛЕННЫЙ","1"
"ПАТРОНАМИ","1"
"НАКРЫТЫЙ","1"
"СОБЫТИЯМ","1"
"ДЕЛА","1"
"СОЗДАНИЕ","1"
"МОЕМУ","1"
"МОДЕРН","1"
"СДАЕТСЯ","1"
"СТРАХА","1"
"ЗАПИСАЛ","1"
"ТЮКИ","1"
"ПРИЯТНОЙ","1"
"СКРЫТА","1"
"ЗИМОЙ","1"
"ПОДЛО","1"
"НАДЕЖДА","1"
"АДРЕСОВ","1"
"ШИРОКИМ","1"
"УЗНАВАЯ","1"
"АЛЕШЕЙ","1"
"ОЗНАКОМИТЕЛЬНОГО","1"
"МИФ","1"
"ТАИНСТВЕННОЙ","1"
"КУРИЛИ","1"
"ФЛАГА","1"
"ДЕТСТВО","1"
"ПРОЗРАЧНЫЙ","1"
"ГЛУБИНЕ","1"
"КОНТЕКСТЕ","1"
"НЕВОЗМУТИМО","1"
"ЛУННЫЕ","1"
"ЧЕЛЮСТИ","1"
"ПЫТАЯСЬ","1"
"ОЧКАХ","1"
"ОСТАЛЬНЫМ","1"
"СТЫДЛИВАЯ","1"
"ПРОСТОЯВШИЕ","1"
"СОСЕДНЕЙ","1"
"УПРАЖНЕНИЕ","1"
"НАЛИЛИСЬ","1"
"СДЕЛАЕМ","1"
"РАЗМЫШЛЕНИЯ","1"
"БУДУЩЕЕ","1"
"ТВЕРЖУ","1"
"НАПИСАЛИ","1"
"ВАЛЯЙТЕ","1"
"ЖДЕТЕ","1"
"ЖЕЛТЫЙ","1"
"МГЛА","1"
"ГРУДЬЮ","1"
"ЗВЯКНУ","1"
"ВОЗБУЖДЕННО","1"
"НАПОДОБИЕ","1"
"ПЯТИУГОЛЬНИК","1"
"УРАЛ","1"
"ВСЕМ","1"
"ЗУБЫ","1"
"КАБАРЕ","1"
"ЧУЖД","1"
"СЛОВОМ","1"
"ВЕЧНОСТЬ","1"
"ПРОБОИНОЙ","1"
"ВЯЛО","1"
"РАЗВИТИЕ","1"
"ТВЕРСКОМ","1"
"КОЛИЧЕСТВА","1"
"ЗАТЫЛКУ","1"
"МОДНОГО","1"
"РАЗДРАЖАЛА","1"
"НЕКОТОРЫХ","1"
"НЕПОДВИЖНОЮ","1"
"МАТ","1"
"ЗДРАВСТВУЕТ","1"
"ПОДНИМУСЬ","1"
"КАМЕРЫ","1"
"ПЯТЬ","1"
"ВНИМАТЕЛЬНО","1"
"ВОЗДУХЕ","1"
"УНЫЛЫЙ","1"
"ЗАПРЕЩЕНО","1"
"ОБОКРАЛ","1"
"ОДЕТУЮ","1"
"ПОЛНАЯ","1"
"СЛЕДИЛ","1"
"ВЫДЕРЖАННЫЙ","1"
"СЛУЖЕБНЫЙ","1"
"ЧЬЯ","1"
"ПРОШЕПТАЛ","1"
"ОБНАЖИВ","1"
"ИСТОРИЧЕСКИМ","1"
"МНОГИМ","1"
"ЖЕЛТЫХ","1"
"ОТДАЙТЕ","1"
"УСТРОЕНО","1"
"ВЕЛИКОЛЕПНО","1"
"ВСЛУХ","1"
"РАБОТАЕШЬ","1"
"ПУБЛИЧНЫЙ","1"
"АНЕКДОТОВ","1"
"ЧАШКЕ","1"
"ЗДОРОВЬЯ","1"
"ИСТЕРИКА","1"
"ВОЙЛОЧНЫЙ","1"
"ПОЭТА","1"
"НАМЕКИ","1"
"СИМПАТИЮ","1"
"УБЕЖАЛ","1"
"ПЕРЕШАГНУТЬ","1"
"ТАБУРЕТЕ","1"
"УДИВИТЕЛЬНЫЙ","1"
"УБИТ","1"
"ОСТАВШИСЬ","1"
"ПОДРОБНОСТИ","1"
"УГНЕТАЮЩИЙ","1"
"СЕРЫЙ","1"
"ИЗМЕНИЛИ","1"
"НАСЛАЖДЕНИЕМ","1"
"ВЫСТРЕЛАМИ","1"
"БОКУ","1"
"ПУСТОТЫ","1"
"МЕДИЦИНСКОЕ","1"
"ЗНАКИ","1"
"МУЗЫКАЛЬНУЮ","1"
"ПЛЕЧОМ","1"
"ПАРОМЩИК","1"
"ПРЕВОСХОДНАЯ","1"
"ЧИНГИЗ","1"
"СМОЖЕШЬ","1"
"РАСКЛЕШЕННЫХ","1"
"ЧАПАЕВЫМ","1"
"ПРОДУКТ","1"
"ПЕТЛЕЮ","1"
"ЙОГА","1"
"ОПАСНОСТЬ","1"
"СТУПАЛИ","1"
"ВЫСУНУЛСЯ","1"
"ПУСТЫ","1"
"ЖАЛЕТЬ","1"
"УВЕНЧАТЬСЯ","1"
"РЯДЫ","1"
"ХРИСТИАНИНОМ","1"
"ЦВЕТОВОЙ","1"
"СЕКРЕТЕР","1"
"САЛОНЕ","1"
"ПРЕДСЕДАТЕЛЬ","1"
"МОЛОДОЙ","1"
"ЛИКЕРНУЮ","1"
"ПАЛО","1"
"ВСПОМИНАЛ","1"
"САМОЙ","1"
"ЗАМЕДЛИЛ","1"
"ОБЫКНОВЕННЫЙ","1"
"НЕЗАПОЛНЕННЫМИ","1"
"РАВНОВЕСИЯ","1"
"КРИТИКОВ","1"
"ВОЕННОЙ","1"
"ПОБЛЕДНЕТЬ","1"
"КИНУЛИСЬ","1"
"ОЛЕГОВИЧ","1"
"ПОШЛО","1"
"МЫШКОЙ","1"
"БОЛЬШЕВИСТСКИЙ","1"
"МЕДИЦИНСКИЕ","1"
"ЗАМЕТИМ","1"
"СТРАННОЙ","1"
"СТАКАН","1"
"ПОЛУТЕМНОЙ","1"
"РЕШИЛСЯ","1"
"НАПОМИНАЛО","1"
"ПРИМЕРОВ","1"
"МЯЧ","1"
"РАСПЯТИЕМ","1"
"СТОИТЕ","1"
"НАЗЫВАЕМ","1"
"ЖЕЛАЮЩИЙ","1"
"СВЕРКНУВ","1"
"ДОВЕРЯЮЩИЙ","1"
"QIWI","1"
"СТАВЛЮ","1"
"ВЫЙТИ","1"
"ПАМЯТИ","1"
"ХРИСТИАНСТВА","1"
"АНГЛИЙСКИЙ","1"
"ПОКРЫТЫЙ","1"
"ГАЗЕТЕ","1"
"ПРОЧЕСТЬ","1"
"НЕОБЫКНОВЕННО","1"
"КВАРТИРА","1"
"ТЕНИ","1"
"ВОЗГЛАС","1"
"ДРОЖАЩАЯ","1"
"ШВАРЦЕНЕГГЕР","1"
"ООО","1"
"МОБИЛЬНОГО","1"
"ПРОВОЖАЛИ","1"
"МАШИНЕ","1"
"ВЕЛЕЛ","1"
"ОСТРОВЕРХИЙ","1"
"НАБЛЮДЕНИЕ","1"
"ОТДЫХАЕТЕ","1"
"ДВОР","1"
"ПОЗОЛОЧЕННУЮ","1"
"ИНТЕРЕСУЕТ","1"
"БОЛТАЛАСЬ","1"
"ТРИДЦАТЫХ","1"
"МАУЗЕРУ","1"
"ПРОТИВОРЕЧИЙ","1"
"ПЕТЛЕ","1"
"ПЛЕЧО","1"
"ТРЕТЬЕ","1"
"КРИТИЧЕСКОГО","1"
"РАЗГЛЯДЕЛ","1"
"КОНТРАБАНДЕ","1"
"РЕШАЛСЯ","1"
"ПОДОБОСТРАСТНОГО","1"
"ТЕЛЕФОН","1"
"ВСТРЕЧАЛСЯ","1"
"СЛОЖНОЙ","1"
"КЛУБАХ","1"
"ШАМПАНСКОГО","1"
"КРИЧАЛИ","1"
"НЕЗЕМНЫМ","1"
"СКОЛЬЗИЛ","1"
"КОНСТРУКЦИЯ","1"
"НОРМАЛЬНОЙ","1"
"ЛЕГАЛЬНУЮ","1"
"СВЕТА","1"
"ПЯТЫЙ","1"
"ВЛАЧА","1"
"СКАЖЕМ","1"
"ГОСТИНУЮ","1"
"СНИМАТЬ","1"
"ОСВЕЩАЛИ","1"
"КАРТИНУ","1"
"ПОШАТЫВАЯСЬ","1"
"БАРАБАНИЛИ","1"
"МЕЛОДИЮ","1"
"ОБНАРУЖЕНИЯ","1"
"ТРОГАТЕЛЬНЫЙ","1"
"ДОРЕВОЛЮЦИОННОМ","1"
"ПОДВОРОТНЮ","1"
"ПУЗАТУЮ","1"
"ПРЕКРАТИТЬ","1"
"СЛИВАЛИСЬ","1"
"ЯМУ","1"
"ВЫГЛЯДЕЛИ","1"
"ШУБАМИ","1"
"ПОДВИНЬСЯ","1"
"КАЗАЛСЯ","1"
"БАЛДАХИНОМ","1"
"ХАРАКТЕР","1"
"АРЕСТА","1"
"РАЗГОНЕ","1"
"ИДИОТСКИХ","1"
"ТОТЧАС","1"
"ДОВОЕННЫМ","1"
"МАНЕ","1"
"ЗАЛЕЗ","1"
"ДВЕНАДЦАТЬ","1"
"НИВЕ","1"
"РЕЖЕ","1"
"ПОДДЕЛКОЙ","1"
"ПРИОТКРЫВ","1"
"РАЗБУДИЛ","1"
"ОДЕЖДЕ","1"
"ПОЛОВИНЫ","1"
"ОКОНЧАТЕЛЬНОЕ","1"
"МАРКСУ","1"
"НЕДОВОЛЬНО","1"
"БЕГСТВА","1"
"ГРОХОТА","1"
"СВИСТ","1"
"УЧУЯВ","1"
"ПРОСТА","1"
"ОСТАНОВИЛИСЬ","1"
"ЗАДРЕБЕЗЖАЛ","1"
"ЗААПЛОДИРОВАЛ","1"
"АТАКИ","1"
"МЕНЯЕТСЯ","1"
"ШИРМОЮ","1"
"БАЛКОНУ","1"
"ТЯЖЕЛЫМИ","1"
"НЕСОКРУШИМО","1"
"КАТЕГОРИАЛЬНО","1"
"ПОВЕСИЛИ","1"
"НОВОГО","1"
"ДОХОДИЛ","1"
"ОБВЕТРИЛИСЬ","1"
"СТАВИТЕ","1"
"РАЗНИЦА","1"
"САВАНОМ","1"
"СОМНЕВАЮСЬ","1"
"ЗАПЕЧАТЛЕВАТЬ","1"
"ВЫДАВАЛ","1"
"ВЕЧНУЮ","1"
"ШИНЕЛЯМИ","1"
"НОРМАЛЬНОГО","1"
"ЗАХОТЕЛ","1"
"ОЦЕПЕНЕНИИ","1"
"НЕПРИЯТНОЕ","1"
"НАПРЯЖЕНИЕ","1"
"СУДОРОЖНОСТЬ","1"
"БОРОДКУ","1"
"ПОЯВЛЯЮТСЯ","1"
"БЕГУ","1"
"ВЫСКОЧИЛИ","1"
"ОТКРЫТЫМ","1"
"ПРЕДСТАВЛЕН","1"
"ПРОСТРЕЛЕННОЕ","1"
"ГРААЛЬ","1"
"ХАНЖА","1"
"СВЯЗАНА","1"
"ЕЛ","1"
"ЕВРАЗИИ","1"
"НАЛИВ","1"
"КАРМАНЫ","1"
"ИМЕЯ","1"
"ЗАДИРАЯ","1"
"ЖИВЫХ","1"
"СКАМЕЙКАХ","1"
"РАССКАЗЫВАЕМАЯ","1"
"ПУТАТЬ","1"
"ВМЕСТИТЬ","1"
"ОДЕЯНИЕ","1"
"ШАГАЯ","1"
"НАПРОКАТ","1"
"ЗНАЮТ","1"
"ВОЗВРАЩАЮТСЯ","1"
"КОНЦАХ","1"
"ЭПОХУ","1"
"СИНЕГО","1"
"ЗАЛОМ","1"
"ПОРАЖЕННОМ","1"
"ШАРФ","1"
"ШАПКУ","1"
"МОСКВУ","1"
"ВЫНУТУЮ","1"
"БЕЗЛЮДНОМУ","1"
"WEBMONEY","1"
"ОБЩЕСТВА","1"
"СКОРБЬ","1"
"РАЗГОВОРАМИ","1"
"ПРЕСТУПНИКА","1"
"НОГАМИ","1"
"СХВАТКИ","1"
"ДАЮЩИЙ","1"
"ПОДГОТОВИВШЕГО","1"
"ОСТАВИЛ","1"
"ПЕГИХ","1"
"ПРИЗРАКИ","1"
"РАСПРОСТРАНЕННОЙ","1"
"СПОСОБНОЕ","1"
"ПРИХОДИЛОСЬ","1"
"СКЕЛЕТОПОДОБНОГО","1"
"ЗЛИТЕСЬ","1"
"ИНОГДА","1"
"НЕЧЕМ","1"
"ЯЙЦО","1"
"ПОПРОСТУ","1"
"МОЖЕТЕ","1"
"ВЗВИНЧЕННЫЕ","1"
"КРЕМЛЮ","1"
"СТАТЬЯ","1"
"ПОБЕДИЛА","1"
"НАГЛОЕ","1"
"ИЗЯЩНО","1"
"КРАСНОГВАРДЕЙСКИМ","1"
"ЗАМЕРЗАЕТ","1"
"ПУБЛИКАЦИИ","1"
"АППАРАТА","1"
"ОПЛАТИТЬ","1"
"ТЕЛЕФОННОГО","1"
"ПИТЕРА","1"
"РАССЕЧЕННОЙ","1"
"ДРЯБЛЫМ","1"
"МИРА","1"
"СТЕКЛУ","1"
"КЛАССОВЫМ","1"
"ВОЗНИ","1"
"ОГНЕЙ","1"
"НЕВОЗМОЖНО","1"
"ФЕВРАЛЬ","1"
"ЧИСТО","1"
"ЧЕКИСТЫ","1"
"СТИКС","1"
"КРОВЬЮ","1"
"НЕДОВЕРЧИВО","1"
"MASTERCARD","1"
"ПОДСКОЧИЛА","1"
"ЗАКРУЖИЛАСЬ","1"
"ФРАЗЫ","1"
"СПОКОЕН","1"
"ЗРЕНИЯ","1"
"УШЕДШИМ","1"
"СЕРЕЛО","1"
"ПРЕТЕНДУЕТ","1"
"ПОДНЯТОЙ","1"
"СИТУАЦИИ","1"
"ГИМНАЗИСТА","1"
"РЕКУ","1"
"МОРОЗНЫЙ","1"
"САВАН","1"
"РАЗНЫЕ","1"
"ШАГНУЛ","1"
"БАМБУКОВЫМИ","1"
"ПРОДОЛЖИТ","1"
"ОПРОКИНУЛСЯ","1"
"ОТОБРАЗИЛОСЬ","1"
"ЧАЙ","1"
"УСТАЛОСТЬ","1"
"БАНТ","1"
"ВЕРСИЮ","1"
"ГОВОРЯ","1"
"СТРЕЛЯЕТЕ","1"
"ПРОГНАЛ","1"
"ПРЕТЕРПЕВАЕТ","1"
"ДЕЯТЕЛЬНОСТЬ","1"
"ОСОБЕННОЙ","1"
"ДРУГИМ","1"
"ПЯТНЕ","1"
"ПОТОЛКОМ","1"
"ЗАДУШЕННОГО","1"
"ПОВЕРИВШЕГО","1"
"ПОСОБИЕ","1"
"СОЛДАТИКОМ","1"
"ДЫХАНИЕ","1"
"СВИНОРЫЛЫХ","1"
"МОНЕТАМИ","1"
"ПОВЕРНУТЬСЯ","1"
"ПРОИЗНЕСЕТ","1"
"ПСЕВДОНИМ","1"
"КУПИВ","1"
"КРОВАТЬ","1"
"ЗАГЛЯДЫВАЯ","1"
"ЗДРАВСТВУЙ","1"
"ПОЗОР","1"
"ОДНУ","1"
"НЕЛОВКАЯ","1"
"ЗАКУСИЛ","1"
"УСИЛИЕМ","1"
"БЕЗОПАСНО","1"
"ДУЕТ","1"
"СОЛДАТА","1"
"СЕРОМ","1"
"ОБРУШИЛОСЬ","1"
"ПОДНИМАТЬСЯ","1"
"ВЫЗОВ","1"
"ПАДАЛИ","1"
"БРЕЗГЛИВОСТЬ","1"
"ПОКАЯНИЯ","1"
"ИСЧЕЗ","1"
"ЖУТКОЕ","1"
"НАРАСПЕВ","1"
"СПОЛЗ","1"
"ДЕКАБРИСТАХ","1"
"ФРАНЦУЗСКОМ","1"
"ПИЛА","1"
"ДВАДЦАТЫХ","1"
"ПАДМЕ","1"
"ГИБЕЛЬ","1"
"РЕВВОЕНСОНЕТ","1"
"1919","1"
"ПРИЦЕЛЕ","1"
"ПОЛУВЕКА","1"
"АВТОРА","1"
"НЕОПРЕДЕЛИМО","1"
"ЗДРАВСТВОВАТЬ","1"
"МОГЛО","1"
"АКРОСТИХОМ","1"
"НОЧЬ","1"
"ПРЕДДВЕРИЕ","1"
"ПОПАВШЕГО","1"
"ПРОИЗВЕДЕНИЕ","1"
"ПРЫЩАВАЯ","1"
"РАЗОБЬЮ","1"
"ПУЛЕМЕТНЫЕ","1"
"СОБАЧЬЯ","1"
"ЛЕСЕНКЕ","1"
"БОРОДКОЙ","1"
"ДИАЛОГ","1"
"ОХВАТИВШУЮ","1"
"ВООБРАЗИТЬ","1"
"МАШИНУ","1"
"ОБЪЯСНЯЕТСЯ","1"
"ПРИЗРАКАМ","1"
"УЛИЦА","1"
"СЖИМАЛ","1"
"ПОКЛОНИЛСЯ","1"
"ПРИНЦА","1"
"ЗАЯВЛЯЮ","1"
"РАЗНОШЕРСТНАЯ","1"
"ПУСТОТЕ","1"
"ОПЫТ","1"
"ПУСКАЙ","1"
"ТРУП","1"
"ИНТОНИРУЯ","1"
"ПЬЕСЕ","1"
"МОЦАРТА","1"
"САНТИМЕТРАХ","1"
"ОБРАТИЛ","1"
"ДЕКАДЕНТЫ","1"
"ДОПРОСА","1"
"СОРВАННОЙ","1"
"ПЕРЕЛЕЗТЬ","1"
"НАЧИНАЕТСЯ","1"
"СПОСОБОМ","1"
"СОБЫТИЙ","1"
"ТЕНЕЙ","1"
"МЕНЬШЕЙ","1"
"ПРЕДЛАГАЛОСЬ","1"
"ХОХОТ","1"
"БОМБАМИ","1"
"ГЛОТОК","1"
"ОДИНОКАЯ","1"
"ПРИЕХАЛ","1"
"ИЗДАТЕЛЬСТВ","1"
"ХАНЖИ","1"
"НАРИСОВАНЫ","1"
"БЕСКОНЕЧНОГО","1"
"МОЛЧИТ","1"
"ПОГОДИ","1"
"ЧЕРЕПА","1"
"ДУХ","1"
"ЗАПОЛНИТЬ","1"
"МЕДЛЕННЫ","1"
"ПРОТИВОПОЛОЖНЫХ","1"
"ВИДАМИ","1"
"ОСТАЕТСЯ","1"
"ЛЮБИТЬ","1"
"ВЫРАЖЕНИЯ","1"
"СВЕТ","1"
"СМОТРЕТЬ","1"
"ДРОЖАТЬ","1"
"ЗАСТАВИТЬ","1"
"АБСТРАКТНОЕ","1"
"ДОВЕРИЯ","1"
"ЧАСТЬЮ","1"
"СНЕГОМ","1"
"РАССТРОЕН","1"
"ОМ","1"
"РОССИИ","1"
"УЛЫБКА","1"
"ИЗВЕСТНОМ","1"
"БАНТОМ","1"
"ЛЮСТРА","1"
"ДОШЕЛ","1"
"ЖЕВАЛА","1"
"НАРОДУ","1"
"АТЛАСА","1"
"АДСКИЙ","1"
"ВРЕМЕНЕМ","1"
"ЛЕВОМ","1"
"ПРАВОЙ","1"
"ЖУРНАЛИСТИКИ","1"
"РУССКИЕ","1"
"УЗКОМ","1"
"БЕЗУПРЕЧНЫЕ","1"
"БУМАЖНЫМ","1"
"МИФОЛОГИЧЕСКИЕ","1"
"ЩЕЛКНУЛ","1"
"ОЗАГЛАВЛЕН","1"
"ОБЪЯСНИШЬ","1"
"ЛОВИЛ","1"
"ТОРЖЕСТВЕННЫ","1"
"ВЫТИРАЯ","1"
"ГОРАЗДО","1"
"ИГРАЕТ","1"
"КРЕСТ","1"
"НАЧНЕШЬ","1"
"ПРИСЫЛАЙТЕ","1"
"ПРОСТРАНСТВА","1"
"СДЕРЖАННО","1"
"ГОЛОСЕ","1"
"ПОСТРЕЛОМ","1"
"ПОДОБНОГО","1"
"ТЕПЛОТОЙ","1"
"ПОБАЛОВАЛСЯ","1"
"ПОСПЕШНОСТЬЮ","1"
"ПОЛНОГО","1"
"ИЩЕТ","1"
"ЗАГАДОЧНЫЙ","1"
"УСПЕТЬ","1"
"ПЕРИОД","1"
"ОСОБЫЙ","1"
"БЕЛОЙ","1"
"ДУМЫ","1"
"КЛОЗЕТЕ","1"
"РИФМА","1"
"СЕНТИМЕНТАЛЬНЫМ","1"
"ОТПУСТИЛ","1"
"ВОДКА","1"
"EST","1"
"БАНТАМИ","1"
"ЛОКТЕМ","1"
"БЕСЕДА","1"
"КРОХОТНЫЙ","1"
"СТРЕЛЬБА","1"
"СПОКОЙНЕЕ","1"
"ВОШЕЛ","1"
"ПРИВЛЕЧЬ","1"
"ПРИНАДЛЕЖНОСТИ","1"
"ПАПОК","1"
"НЕОБЫКНОВЕННЫЙ","1"
"ДУМАЯ","1"
"КРУЖЕВНЫМ","1"
"ПОКАЗЫВАЛИ","1"
"ГАЛСТУКА","1"
"КАРТАМИ","1"
"БЕЗОБРАЗНО","1"
"ОДИНОЧЕСТВО","1"
"УСЛЫШАВ","1"
"НАПИСАЛ","1"
"ПАССАЖИРЫ","1"
"ЗАСНЕЖЕННАЯ","1"
"ОРАТОРА","1"
"ЗМЕИНОЕ","1"
"УВИДЕВ","1"
"УЙТИ","1"
"ЗАДУШИВ","1"
"МАТРАЦ","1"
"ЛАЕМ","1"
"УВЕШАННЫХ","1"
"ПОНИМАНИЯ","1"
"ЧЕРНОМУ","1"
"ПОДХВАТИВ","1"
"МОИМ","1"
"ЧУШЬ","1"
"ПРИРОДЫ","1"
"СРАЖАЕТСЯ","1"
"ПУЛЕМЕТЧИЦЕЙ","1"
"СНЕЖНЫЕ","1"
"ЧАЕМ","1"
"ОТДЕРНУЛ","1"
"АНГЛИЙСКОЕ","1"
"УВЕРЕН","1"
"СЕРЬЕЗНЫМ","1"
"ШТАНИШКАХ","1"
"ПЕЧАТАЕТСЯ","1"
"НЕВИДИМ","1"
"СЛЕДУЮЩИЙ","1"
"РАЗГОВОР","1"
"ВЕЕ","1"
"ПОДРОБНОСТЯХ","1"
"БЕСПАМЯТСТВА","1"
"ЛАКОВАЯ","1"
"СТОП","1"
"ПРЕЛЕСТНЫЙ","1"
"ЗАРЕШЕЧЕННАЯ","1"
"УСПЕВШЕГО","1"
"НЕБОЛЬШИМИ","1"
"УВИДЯТ","1"
"ВОЛЕВОМ","1"
"КОРОТКИМИ","1"
"ОБМОТАН","1"
"ПРИДЕТСЯ","1"
"ОГРАЖДЕНИЯМИ","1"
"ТЕЛОМ","1"
"РАЗГОВОРА","1"
"PUSTOTA","1"
"ПРИЗРАК","1"
"ПРИШЕДШЕГО","1"
"УХОДИМ","1"
"ПЛОХАЯ","1"
"РАЗЛАПИСТО","1"
"ДЕВИЦУ","1"
"КОТУРНОВ","1"
"БЕЖИШЬ","1"
"СОЗНАНИИ","1"
"ШУТКУ","1"
"ШАПКОЙ","1"
"НЕПОНИМАЮЩИЙ","1"
"ОБНАРУЖИЛ","1"
"ЗОЛОТЫХ","1"
"БОКОВОЙ","1"
"НЮХАТЬ","1"
"ПОСКУЧНЕВ","1"
"БОЛЬШЕЕ","1"
"ЗАСТЫЛА","1"
"НАДОЕДЛИВЫ","1"
"НАЖАЛ","1"
"СИПЛОГО","1"
"ПРИВОКЗАЛЬНОМ","1"
"ОТВЕРНУЛСЯ","1"
"ТАКОМ","1"
"ГОДАХ","1"
"БАНКОВСКОЙ","1"
"ЗАКЛЮЧАЕТСЯ","1"
"ЗАКИНУЛ","1"
"УГРЮМЫЙ","1"
"КРАСНОМ","1"
"ЗАСТЕЛЕН","1"
"ПУТАНИЦЫ","1"
"CHAPAEV","1"
"СЛОЖЕННУЮ","1"
"ЦВЕЛА","1"
"ПРОХОДИТ","1"
"ДРУГОМ","1"
"СВОБОДНОЙ","1"
"ОДНАЖДЫ","1"
"ФАКТОМ","1"
"УБЕГАТЬ","1"
"ТЯНУЩЕГО","1"
"НЕДОЛГО","1"
"БОСА","1"
"ПРЕВРАЩЕНИЯ","1"
"КОРИДОРА","1"
"ПОЛЬЗОЙ","1"
"ПЕСНИ","1"
"ВЕДУЩАЯ","1"
"VII","1"
"ВИЛЬЯМ","1"
"ИСКУССТВА","1"
"НАПИСАНА","1"
"МЕШКЕ","1"
"НАВАЛИВАЮТСЯ","1"
"СЕРДЦА","1"
"ДЕМОНИЧЕСКИЙ","1"
"ЛЕЗВИЕ","1"
"КУПЕЧЕСКОМ","1"
"НОТЫ","1"
"ГРАНЕНЫХ","1"
"ОТНЕСЕНЫ","1"
"ЯНДЕКС","1"
"СОЕДИНЕНЫ","1"
"ТРАТИТЬ","1"
"СЛЕПЛЕННЫЙ","1"
"КА","1"
"КУСКИ","1"
"ДАМ","1"
"ЗЕРКАЛА","1"
"ПОДЕЙСТВОВАЛО","1"
"МНОЮ","1"
"ЛЕСЕНКА","1"
"НОГОЙ","1"
"ВРАЩАЮЩИЙСЯ","1"
"ЖУТКО","1"
"Н","1"
"MERDE","1"
"ПОДЛОГОМ","1"
"ЗАСТАВИЛ","1"
"ВОССТАНОВИТЬ","1"
"ЧЕЛОВЕЧЕСТВА","1"
"ПОГРУЗИЛСЯ","1"
"МОМЕНТУ","1"
"ПАУЗА","1"
"РОСТА","1"
"СВЕРНУЛИ","1"
"ГРАЖДАНЕ","1"
"ПРИЦЕЛ","1"
"НАПЕЧАТАЛ","1"
"СООБЩИТЬ","1"
"ГРУЗОВИКА","1"
"ПРОШЕЛ","1"
"БЕССМЫСЛЕННЫМИ","1"
"ТОЛСТОГО","1"
"ТОСТ","1"
"ПРИШЛОСЬ","1"
"УКАЗЫВАТЬ","1"
"ОБЫЧНЫМ","1"
"СОЗДАННУЮ","1"
"ГРИМАСЕ","1"
"ЗАХОТЕЛОСЬ","1"
"БЕЗЗАЩИТНОСТЬ","1"
"МЕТАСТАЗАМИ","1"
"ВЗЛЕТ","1"
"ПРИПИСЫВАЕМЫЙ","1"
"НАКРЫТОЕ","1"
"КРЕНЯЩАЯСЯ","1"
"ГУСТЫХ","1"
"КСЧАСТЬЮ","1"
"ЯТЬ","1"
"ЖИВЕМ","1"
"ОБОДРАТЬ","1"
"ПРОЛЕТАРИАТ","1"
"РЮМКУ","1"
"ПУЛЕМЕТНОЙ","1"
"ПОТОЛКУ","1"
"ВЫСОКИХ","1"
"ЛИТЕРАТУРНЫМ","1"
"ОКОЛО","1"
"ДЕТСКИХ","1"
"СУЩНОСТЬ","1"
"ФОРТОЧКА","1"
"СТАРЕЙШЕГО","1"
"ПЕЧАТЬ","1"
"ТОВАРИЩА","1"
"ПРОВИСШИЙ","1"
"ГРЕЗИЛИСЬ","1"
"ПЕРЕЗАРЯДИВ","1"
"ЗАИГРАЛИ","1"
"РАСПЛЫВАЮЩЕЕСЯ","1"
"ХОРОШО","1"
"ОСМОТРЕЛ","1"
"ЛИФТ","1"
"ЛЕГКИМИ","1"
"УХМЫЛКОЙ","1"
"ПРИКАЗУ","1"
"ПРОЦЕДУР","1"
"ВИЛЯЯ","1"
"ДУРОЧКУ","1"
"САПОГА","1"
"КОЛЫХАЛАСЬ","1"
"ИЗБЕЖАНИЕ","1"
"ПРЕДСТАВЛЯЮ","1"
"ЭСТРАДЕ","1"
"НЕМАЛО","1"
"УЧИТЕЛЯ","1"
"СОПРОТИВЛЯЮЩЕГОСЯ","1"
"РЮМКЕ","1"
"ЗИМ","1"
"ФАРТУК","1"
"ЗУБОМ","1"
"НАРОДНОЙ","1"
"ПРОСТОГО","1"
"ПРОСЬБА","1"
"КИНЕМАТОГРАФОМ","1"
"МИЛОРД","1"
"МУЛЕТА","1"
"СКРИПАЧА","1"
"СКВОЗИЛО","1"
"ГАДИТ","1"
"ЗАЖЕЧЬ","1"
"СОМНЕНИЕМ","1"
"ОСТАТКИ","1"
"ЭНТУЗИАЗМА","1"
"КАТИЛ","1"
"НЕСБЫТОЧНОМ","1"
"ЧРЕЗВЫЧАЙНО","1"
"КОШЕЛЕК","1"
"КОРТОЧКИ","1"
"УКУСА","1"
"ВОЗНИКЛА","1"
"ДРУГОМУ","1"
"ОТОПРИ","1"
"СМЫСЛЕ","1"
"ТЯЖЕЛЫЕ","1"
"ЛОПНУЛА","1"
"ЗОЛОТЫМ","1"
"СОЗДАВАЯ","1"
"ДНЕВНИК","1"
"ХОДЖИ","1"
"КРАЯМ","1"
"ФИГУРЫ","1"
"СПИЛЕННОЙ","1"
"БОСУЮ","1"
"ГИМНАЗИИ","1"
"РАЗМАХИВАЯ","1"
"НЕДОМОЛВКАМИ","1"
"ПРИДАВИТЬ","1"
"ХОДА","1"
"ОБТЯНУТЫМИ","1"
"ТРУДА","1"
"БОЯЛСЯ","1"
"СПЕКУЛЯНТОВ","1"
"ЖЕНЩИНУ","1"
"ДАВАЛ","1"
"ЗАКАТА","1"
"ПЕС","1"
"УСПЕХОМ","1"
"ПОЗДОРОВАЛСЯ","1"
"НАМЕЛО","1"
"ЗАЛЕ","1"
"ПОБЛЕДНЕЛ","1"
"СУЩЕСТВ","1"
"ПОЛУЧАЕТ","1"
"ОРДЕРАМИ","1"
"САТАНИЗМ","1"
"ЧАЙНИКИ","1"
"СЛУЧАЙ","1"
"ПОДОЗРИТЕЛЬНО","1"
"ЧЕКИСТСКОГО","1"
"ПРИХЛЕБЫВАЛ","1"
"ДАЛ","1"
"НАКОНЕЦ","1"
"АДЪЮТАНТОМ","1"
"РАБОТАТЬ","1"
"СОВЕРШИЛ","1"
"ПОСПЕШИЛИ","1"
"ПРИМЕЧАТЕЛЬНОЙ","1"
"МНОГОЗНАЧНОЕ","1"
"УДЕРЖАЛСЯ","1"
"ЗВУЧИТ","1"
"БУРКНУЛ","1"
"СТИХОТВОРЕНИЯ","1"
"ОРДЕРА","1"
"БЫТИЯ","1"
"ПИЛУ","1"
"НАДПИСЬЮ","1"
"ПРОТИВ","1"
"ДОВОЛЕН","1"
"БОЛЬШОЕ","1"
"МИЛЫЙ","1"
"ПОЛОТНА","1"
"КАЖДОЕ","1"
"ПИХНУЛ","1"
"ДНИ","1"
"ПЛАТЯТ","1"
"ДОБРЫХ","1"
"ПОЛОЖУ","1"
"ДОРОЖКУ","1"
"МИРОВУЮ","1"
"ЧЕСТЬ","1"
"ВОДКОЙ","1"
"НАДСОНА","1"
"ДЕЙСТВИТЕЛЬНОГО","1"
"ПИСАЛ","1"
"УРГАН","1"
"ИНАЧЕ","1"
"ОСВЕЩЕННОЙ","1"
"КОНЦА","1"
"СТОЛИКУ","1"
"ПРОСУНУТЬ","1"
"ПЕТЬКОЙ","1"
"КОБУРУ","1"
"ГОТОВ","1"
"ЗАДУМАЛСЯ","1"
"СТАРУХА","1"
"ДВОРНИКА","1"
"ПЯТНАДЦАТЬ","1"
"НАШИМ","1"
"МАЛ","1"
"ДЕЛАЛА","1"
"СЛУЧАЕ","1"
"ПРИКИДЫВАЛ","1"
"ПОЙМУ","1"
"ДЕСЯТЬ","1"
"БЕРЯ","1"
"ПРЯТАЛСЯ","1"
"ХАРАКТЕРЕ","1"
"МУЖЧИНА","1"
"ПОЛАГАЛОСЬ","1"
"СОЛИПСИЗМА","1"
"ПЛОЩАДЬ","1"
"ВЗДРОГНУЛ","1"
"ХЛОПКИ","1"
"ЛУКОВИЦУ","1"
"СОЛДАТЫ","1"
"ПОКОСИЛСЯ","1"
"УХВАТКАХ","1"
"ВСТАТЬ","1"
"ПОМЕЧТАТЬ","1"
"ВДВОЕ","1"
"ТОНКО","1"
"БРАТЬ","1"
"СПЕКТАКЛЯ","1"
"ВИНОВАТО","1"
"СОМНЕНИЕ","1"
"СИЛАХ","1"
"ЗАПАСНУЮ","1"
"МАТЕРИЕЙ","1"
"ГРАФ","1"
"МНОГОЕ","1"
"ШАРАХНУЛИСЬ","1"
"ПОСЛЕДНИМ","1"
"УГЛУБЛЯТЬСЯ","1"
"СЕРОЙ","1"
"ИЗДЕВАТЕЛЬСТВ","1"
"СЕМЬЯ","1"
"НЕКУДА","1"
"ХРУСТ","1"
"ОГЛОХ","1"
"ПЕРЕУЛКА","1"
"ВБОК","1"
"ПРИСУТСТВУЮЩИЕ","1"
"ПРИШЕЛ","1"
"БАЛТИЙСКИЙ","1"
"ФОЛЬКЛОРЕ","1"
"МАНИ","1"
"ЗАТОРМОЗИЛ","1"
"ОПЫТНЫЕ","1"
"НАРОД","1"
"ПОДОБИЕ","1"
"ЗАМЕТИЛИ","1"
"СВИДЕТЕЛЬСТВО","1"
"УХИТРИЛСЯ","1"
"ВЫСТУПИВШИЙ","1"
"ПУШКИНА","1"
"ДРУГУ","1"
"ЗАМКИ","1"
"МНОЖЕСТВОМ","1"
"ВСЮ","1"
"СЧЕТА","1"
"КОРОТКИЕ","1"
"ХОЧУ","1"
"ВЫПЬЕМ","1"
"КУЛАКЕ","1"
"ВСПОМНИЛОСЬ","1"
"ТКНУЛ","1"
"НАЗВАНО","1"
"МИНУТУ","1"
"УКРАДЕТЕ","1"
"НЕСОМНЕННЫХ","1"
"ЦИКЛОВ","1"
"ИЗВИВАЯСЬ","1"
"ХАРАКТЕРИЗУЕТ","1"
"РЕВОЛЮЦИЙ","1"
"ПОНЯТНЫМ","1"
"ХИХИКНУЛ","1"
"ЗАКРУЧЕННЫМИ","1"
"КАДЕТСКАЯ","1"
"ДОСТОИНСТВ","1"
"ЗАВТРА","1"
"БУДДИЙСКОГО","1"
"СДЕЛАЛАСЬ","1"
"ГОВЯДИНА","1"
"ПОРА","1"
"ОПЫТНЫЙ","1"
"РОЗАМИ","1"
"СКАЗАЛИ","1"
"ПОЙМАЛ","1"
"ВЗОШЕЛ","1"
"ПРОЦЕНТЩИЦЫ","1"
"НЕБОЛЬШАЯ","1"
"ОГРОМНАЯ","1"
"ДЕМОКРАТИЧЕСКИХ","1"
"ПОЖИЛОЙ","1"
"ТВОЙ","1"
"ТИМУРЫЧ","1"
"VISA","1"
"ДЗЭН","1"
"СИЛОЙ","1"
"ЖЕНСТВЕННОЙ","1"
"ПОДСТАВКЕ","1"
"ТРОИЦЫ","1"
"ОКОН","1"
"ПРИХОДИЛИ","1"
"ПИСЬМЕННЫЙ","1"
"БОДРО","1"
"ВИБРАЦИИ","1"
"НЕДОСТАТОЧНО","1"
"ПЫТАЕТСЯ","1"
"МАЛЕЙШЕГО","1"
"НЕПОСРЕДСТВЕННО","1"
"ПОСЛУШАЙ","1"
"ПЛОЩАДИ","1"
"МЕДНЫМ","1"
"ОСЛЕПИТЕЛЬНО","1"
"ПОСТУЧАЛ","1"
"НЕРАВЕНСТВОМ","1"
"ОФИЦЕРСКИЕ","1"
"ВЫЗВАЛ","1"
"МОЖЕШЬ","1"
"СБРУИ","1"
"ОТПРАВИТЬ","1"
"ХАЛАТЫ","1"
"ФИЗИЧЕСКОЕ","1"
"ВСЛОВАХ","1"
"ЗАЛПОМ","1"
"ДАЛЕКОМУ","1"
"КОБУРОЙ","1"
"МНЕНИЮ","1"
"АВТОРЫ","1"
"СЛЕДСТВИЕ","1"
"ЗВОНИЛИ","1"
"ВЗМАХИВАЯ","1"
"ВНИЗУ","1"
"ОБИВКИ","1"
"СТАНЕМ","1"
"ОТВЕСИЛ","1"
"ЖЕНЩИНЫ","1"
"КОВЕР","1"
"БАГРОВОЙ","1"
"ХУЖЕ","1"
"ОБЪЯСНИЛИ","1"
"ПЛОТНО","1"
"ВОСПРИНИМАЮТ","1"
"РЕМНЕМ","1"
"УБЕЖАТЬ","1"
"ЖИЛА","1"
"ОДНОМ","1"
"СТРОКИ","1"
"ЗАРЯДИЛ","1"
"СОЗДАННОЙ","1"
"СДЕЛАЙТЕ","1"
"РЫЧАГ","1"
"ПОТ","1"
"ДУХОТЫ","1"
"ЧАЙНИКОМ","1"
"ЛЕЖАЛА","1"
"РЕМНЯМИ","1"
"МИРЕ","1"
"САПОГИ","1"
"СООТВЕТСТВОВАТЬ","1"
"ИЗОБРАЖАЛ","1"
"ПУЛЕМЕТНОМУ","1"
"СТЕПНАЯ","1"
"НЕДОВЕРЧИВАЯ","1"
"ТОРМОЗОВ","1"
"ПРАВИЛЬНО","1"
"ПРИСЛУШИВАЛСЯ","1"
"ХЛОП","1"
"МЕСТАХ","1"
"МЕРТВЫЕ","1"
"МЕХАНИЧЕСКИХ","1"
"БЛАНК","1"
"ТЕР","1"
"ПОРТЬЕРЫ","1"
"СПУСТИЛСЯ","1"
"СУГРОБЫ","1"
"ОКНО","1"
"ПОРТЯНКАМИ","1"
"ШЛИ","1"
"РЕБЯТА","1"
"ЗНАЛИ","1"
"БЕДНЯГА","1"
"ПОВЕРЬТЕ","1"
"ПРИНЕСЛИ","1"
"КОНЧИЛ","1"
"СИЛЬНО","1"
"СУДЯ","1"
"БРАТОК","1"
"ИСТОКОВ","1"
"ПАЛЬНУЛ","1"
"СЕРЬЕЗНЫЕ","1"
"СЕМИЭТАЖНОГО","1"
"МЕЖ","1"
"ПОМИЛУЙТЕ","1"
"МОНОКЛЕМ","1"
"СИДЕЛА","1"
"ТОЧКИ","1"
"САМОДОВОЛЬСТВА","1"
"УГОЛ","1"
"СЛОВОСОЧЕТАНИЕ","1"
"ГЕРМАНСКОГО","1"
"КОНЬКОВ","1"
"РИСОВАВШЕЕСЯ","1"
"ПЕЛЕВИНА","1"
"ДРУЖЕЛЮБНО","1"
"ЕВРОПЕ","1"
"БРОНЕНОСЦА","1"
"ПЕЧАЛЬНЕЙ","1"
"ВЫДЕРЖАЛ","1"
"РАЗМЫВАЕТ","1"
"ДОЛЛАРЫ","1"
"ДИАГНОЗ","1"
"СУМАСБРОДУ","1"
"ЩЕКЕ","1"
"НАДОЕЛ","1"
"БЮСТГАЛЬТЕР","1"
"ЗНАМЕНИТОГО","1"
"КАРТОЙ","1"
"РАЗГОВАРИВАЕШЬ","1"
"УНЫЛОЙ","1"
"ХИТОНЕ","1"
"ЛИТРОВКА","1"
"ВОЛКОВ","1"
"СВЯЗИ","1"
"КРЕСТООБРАЗНЫЙ","1"
"ПАНТАЛОНЫ","1"
"УТРО","1"
"РАВНОДУШИЕ","1"
"НАСТОЛЬКО","1"
"ОБЫДЕННО","1"
"МОНГОЛИИ","1"
"ИЗМЕНИТЬ","1"
"СЕРЬЕЗНЫЙ","1"
"АКТЕРОМ","1"
"ПРАВДА","1"
"ПЬЯНЫХ","1"
"СЕДОЙ","1"
"ЗАСНУЛ","1"
"ЛЕСТНИЧНЫМ","1"
"ВЫПИЛ","1"
"УЗНАТЬ","1"
"БАЛАНСЕ","1"
"МЫШИНОЙ","1"
"ЗАКЛЮЧАЮ","1"
"ПРЕДЛОЖИТЬ","1"
"ОБСУЖДЕНИЯХ","1"
"ВЧЕРАШНЕГО","1"
"ПУШКИН","1"
"ТКАНИ","1"
"РОДИОН","1"
"КОГО","1"
"МИСТИЧЕСКИЙ","1"
"RU","1"
"ИНСТИНКТ","1"
"КУПАЛЬНЕ","1"
"ЗАСТАВЛЯЯ","1"
"СОДЕРЖИМОЕ","1"
"КОЛЕНО","1"
"НЕДОБРОМ","1"
"ШОФЕРА","1"
"АКТИВНЫХ","1"
"ПЬЯН","1"
"ТАБЛИЧКА","1"
"УДИВЛЕННО","1"
"ЗАНИМАЛА","1"
"ВСПЫХНУЛИ","1"
"ПРИЗНАТЬСЯ","1"
"ИГРАТЬ","1"
"КОЗЫРЬКУ","1"
"ФРАГМЕНТА","1"
"МЕНЬШЕ","1"
"ОБШАРИТЬ","1"
"МОНПАНСЬЕ","1"
"РОМАН","1"
"ОПЕРЕТЬСЯ","1"
"ПОПЫТКИ","1"
"ПРИВЯЗАННЫЙ","1"
"ЗАЛЕЗАЯ","1"
"МАТРОСАМ","1"
"НЕПРАВДОПОДОБНОЕ","1"
"ЭМАЛЕВЫХ","1"
"ПРОРОСШУЮ","1"
"ТРАУРНОЙ","1"
"ОТКРЫТЫЙ","1"
"ТУПОЙ","1"
"ПОДЕЙСТВОВАЛ","1"
"ТОПАВШИМИ","1"
"СМИРИТЕЛЬНОЙ","1"
"НАМНОГО","1"
"ОТКИНУЛСЯ","1"
"НЕОПРЕДЕЛЕННО","1"
"ТУАЛЕТА","1"
"ПОДЪЕЗД","1"
"ТЕРРОР","1"
"ВЗВЕЛ","1"
"ПОРОШОК","1"
"ПОПОЛНЕНИЕ","1"
"ЗЛОДЕЙСКИ","1"
"ОСТАНОВИВШИЙСЯ","1"
"ЭСТРАДОЙ","1"
"РЕЗИНОВЫЙ","1"
"СКАЗАЛО","1"
"ПОЛЫХНУЛО","1"
"ГУЛКО","1"
"ЗАГОВОРИЛ","1"
"КУРГУЗОЙ","1"
"НЕПОНЯТНОГО","1"
"ВСПОМНИТЬ","1"
"ВЗЯВШИЙСЯ","1"
"ПРОСТУЮ","1"
"ПУЛЮ","1"
"РЕДАКЦИИ","1"
"МАЛОЗНАКОМЫХ","1"
"БОЛЬШЕВИСТСКОМ","1"
"ВОЗБУЖДЕННОМУ","1"
"АБСОЛЮТНОЙ","1"
"КЛИНЫШКОМ","1"
"ПОДОБРАЛ","1"
"КРАСИВ","1"
"НАЧАЛ","1"
"ОШИБКА","1"
"АНАТОМИЧЕСКОГО","1"
"ЖЕВАТЬ","1"
"ЗАУНЫВНО","1"
"ОБЪЕМУ","1"
"НАДОЛГО","1"
"ЗАКАТНОЙ","1"
"ЧЕКИСТОВ","1"
"ПСИХИЧЕСКОЙ","1"
"БАМБУКОВЫЕ","1"
"ДОГАДКА","1"
"МАРИЯ","1"
"СВЯЗАНЫ","1"
"ВГЛЯДЕЛСЯ","1"
"СУНУЛ","1"
"ОТСТАВНОГО","1"
"СЛЕТЕЛ","1"
"ИНФАНТИЛЬНЫ","1"
"ПЕРЕЛИВАХ","1"
"КРАСНЫМ","1"
"ДУРА","1"
"ДОКУМЕНТОВ","1"
"УБРАЛ","1"
"ПУТЯМ","1"
"СМОТРИМ","1"
"ФАКТЫ","1"
"НИЧЕМ","1"
"ШИРОКУЮ","1"
"СТЫДНО","1"
"159481197","1"
"СТОПУ","1"
"ПОЭТОМУ","1"
"НЕКОТОРЫМ","1"
"РАСКОЛЬНИКОВЪ","1"
"КАРАНДАШ","1"
"ПАЛЬЦЫ","1"
"ДЕЛАЕТСЯ","1"
"ПРОДАЙТЕ","1"
"НЕНАВИДЕЛ","1"
"ЗАВЕЛИ","1"
"ЦЫГАНСКИЙ","1"
"МАССУ","1"
"ЧАРАМИ","1"
"ВЕЛИКОМУ","1"
"CONSPIRATION","1"
"СОДОМИИ","1"
"ГАЗЕТНАЯ","1"
"ГОСПОДИ","1"
"ЗАКИНУВ","1"
"НАДЕНЬ","1"
"ИЗМЕНИЛИСЬ","1"
"ПУСТЫХ","1"
"ПРИХОЖУЮ","1"
"ДОКУМЕНТАЛЬНЫЙ","1"
"ПУЛЕВОЙ","1"
"РАЗБИРАЕТСЯ","1"
"СТЕКЛОМ","1"
"ВАЖНА","1"
"ОРИГИНАЛА","1"
"ПОХОЖЕ","1"
"ЭЗОТЕРИЧЕСКОГО","1"
"ЗАКУРИЛ","1"
"СБАНТОМ","1"
"ПОСВЯЩАЕМ","1"
"ПОТОЛСТЕВШИЙ","1"
"ПАССАЖИРОВ","1"
"ЕВРОПЫ","1"
"ПИРОЖКИ","1"
"ПРИВЕЛА","1"
"ПРОДОЛЖАЛСЯ","1"
"ТЕМНОТУ","1"
"ЗНАЧИТЕЛЬНУЮ","1"
"ПРЕТЕНЗИЕЙ","1"
"РАЗВЯЗАТЬ","1"
"ОТПУСТИТЬ","1"
"ВИХРИ","1"
"КАЛАМБУРОВ","1"
"ЛОШАДИ","1"
"ДЖЕЙМС","1"
"ДЛИННОМ","1"
"НЕЧТО","1"
"ИНТЕРЕСОВАЛО","1"
"ВЫВОЛОКЛИ","1"
"ФОРМЫ","1"
"КОКАРДЫ","1"
"СТОЯЛО","1"
"КАВАБАТА","1"
"ВАРИАНТА","1"
"НЕСЛОЖНО","1"
"ПРОИЗНЕС","1"
"УСАДИЛИ","1"
"ВЛАСТЯМ","1"
"БЫВАЛ","1"
"ТЕМНОМУ","1"
"ЗАПУСТЕНИЕ","1"
"КОВРОВУЮ","1"
"НАПЕЧАТАННОЕ","1"
"СПУЩЕНЫ","1"
"СТАВШЕЕ","1"
"ПОНИМАЕШЬ","1"
"КОЛЕНА","1"
"ПИЛОЙ","1"
"НАПОЛНИЛ","1"
"ЖЕРБУНОВУ","1"
"ВЫВЕСКА","1"
"ОПЛЕУХИ","1"
"РАЗМЕШАЛ","1"
"РУШИТСЯ","1"
"ДАННОЕ","1"
"ГОЛОВЕ","1"
"ТОРОПИЛИСЬ","1"
"ИЗБЕЖАТЬ","1"
"УСАТЫМ","1"
"УРОД","1"
"СООБРАЖАЛ","1"
"СОПРОТИВЛЯЛСЯ","1"
"НЕУВЯЗОК","1"
"ПРАВИТ","1"
"ОТВЕЗЛИ","1"
"СХВАТИЛ","1"
"КАКУЮ","1"
"СТУЛ","1"
"МЕРЗЛОМ","1"
"ЧУДОВИЩНОГО","1"
"ГОРДОЮ","1"
"БАРБОЛИНЕ","1"
"БРЮК","1"
"БЫВШАЯ","1"
"БРЮСОВЫМ","1"
"ПРОСТРАНСТВЕ","1"
"БУДУЩЕМ","1"
"БАЛКОН","1"
"ОЖИДАНИИ","1"
"ОГЛЯДЫВАЛ","1"
"ПАЧКУ","1"
"КОНТИНЕНТЕ","1"
"ХОТЕЛИ","1"
"СТИХЛА","1"
"ПОСЕТИТЕЛЕЙ","1"
"ЖЕРБУНОВЫМ","1"
"ПОКЛОН","1"
"КИВАЛ","1"
"ПРОСТУПИЛИ","1"
"ШТЫКАМИ","1"
"ПОХОЖИЙ","1"
"БОЛТАЮЩЕЙСЯ","1"
"КРУЖЕВНЫХ","1"
"ТЮРЬМУ","1"
"КРУТИЛИСЬ","1"
"ПОСТРЕАЛИЗМА","1"
"ДАВАЙ","1"
"СПЕЦИАЛЬНО","1"
"ПЫТАЕШЬСЯ","1"
"ВЫХОДУ","1"
"СПЕШИТЬ","1"
"УСТРАШАЮЩЕГО","1"
"ПЕРЕВЕЛ","1"
"МГЛОЙ","1"
"КОЛЫХНУЛАСЬ","1"
"БРИТЫЙ","1"
"ПРОСТОТОЙ","1"
"РОМАНОМ","1"
"ВЕТХИЙ","1"
"ТЕРМИНАЛА","1"
"СКРЫТЫ","1"
"ЧЕТЫРЕХ","1"
"ПОГОВОРИЛ","1"
"ЛЕЖАЛ","1"
"LITRES","1"
"ПУЛЕМЕТА","1"
"МОРДЫ","1"
"ШВЫРНУТЬ","1"
"СВЕТЛЫЙ","1"
"ЛЕЖАЩЕЕ","1"
"НАИБОЛЕЕ","1"
"СИЛЬНЕЕ","1"
"ЗАВАЛЕННЫЙ","1"
"ПЛАМЯ","1"
"ОСТРО","1"
"УСЛУГИ","1"
"ВИНТОВКИ","1"
"УГРОЖАЕТ","1"
"НАВЕЛ","1"
"ВАЛЯЙ","1"
"ТУРЕЦКИЙ","1"
"СОЗНАНИЯ","1"
"ВИДИМОСТИ","1"
"ПОСТАРЕВШЕГО","1"
"НЕИЗВЕСТНОЙ","1"
"ПЛЕЧУ","1"
"ПЛОХО","1"
"СИНИЙ","1"
"ИДЕАЛИСТА","1"
"НАСКОЛЬКО","1"
"СМЕРТЕЛЬНО","1"
"ПОЙДЕМ","1"
"ПОДЛЕЦ","1"
"ДЕЙСТВИТЕЛЬНОСТЬ","1"
"ВЫГЛЯДЯЩИХ","1"
"ХОД","1"
"ПОДЧИНЯЮСЬ","1"
"СКОРО","1"
"ГРОМОЗДКУЮ","1"
"ЛУЧОМ","1"
"РАЗУМНО","1"
"СРАВНЕНИЕ","1"
"ЖЕЛАЯ","1"
"РАЗГЛЯДЕТЬ","1"
"ПРОСТОЕ","1"
"СТРАННЫЙ","1"
"ЕЮ","1"
"СТИЛЕ","1"
"Б","1"
"ОДЕТЫХ","1"
"КОСЫЕ","1"
"ЕСТЕСТВЕННО","1"
"МОНЕТУ","1"
"ОТБИВАЮЩУЮСЯ","1"
"ДОМЫСЛАМИ","1"
"ПОДЫТОЖИЛ","1"
"ВЫВЕЛИ","1"
"ВИДУ","1"
"РЕСТОРАН","1"
"ПОЯВЛЕНИИ","1"
"ОТРАЗИТЬ","1"
"УРОНИЛ","1"
"ПЕРВАЯ","1"
"ЧЕРТУ","1"
"СПОКОЙНАЯ","1"
"РУЧКУ","1"
"НЕСООБРАЗНОСТЬ","1"
"ПЕРЕХВАЧЕННОЙ","1"
"ПЛАТЕЖНОГО","1"
"СИМВОЛИКУ","1"
"МЕТЕЛЬ","1"
"ФИНАНСИРУЕМЫХ","1"
"МАГИЧЕСКИХ","1"
"КОЖЕ","1"
"ЛЮБИЛ","1"
"НАГЛЫЙ","1"
"РЕКЛАМЕ","1"
"ИЗЛЕЧЕНИЯ","1"
"ТЕ","1"
"ПОО","1"
"ПРЕДСТАВЛЯТЬСЯ","1"
"РАСТВОРИЛАСЬ","1"
"ОТВЕЧАЛ","1"
"МОЛОД","1"
"ИМЕЮ","1"
"ПРОИЗОШЛА","1"
"ПОРОГЕ","1"
"НЕОЖИДАННОЙ","1"
"НЕБЫТИЕ","1"
"МОЖЕМ","1"
"ОТНОСИТЕЛЬНО","1"
"УГНЕТЕННЫЙ","1"
"LENINE","1"
"РАЗДВИНУВШЕМУСЯ","1"
"УХМЫЛЬНУЛСЯ","1"
"ТЕМНУЮ","1"
"УХМЫЛЯЯСЬ","1"
"ВЫСОТЫ","1"
"ПАДАВШЕЙ","1"
"НАПИСАНИЯ","1"
"КОТОРЫМИ","1"
"ВОСПРИНИМАТЬ","1"
"ВОЛЕЙ","1"
"ТЕРРОРОМ","1"
"ХУДОЖНИКИ","1"
"ПРАВИЛЬНЕЙ","1"
"ЛИТЕРАТУРНОГО","1"
"ОРИГИНАЛЬНОГО","1"
"БАНКНОТА","1"
"ЖЕРБУНОВЕ","1"
"НЕЛЕПО","1"
"ХЛАМИДАХ","1"
"СЕРЕБРИСТОМ","1"
"ЗАТЯНУЛСЯ","1"
"ПУГАЮЩИЕ","1"
"НАСЛАЖДАТЬСЯ","1"
"ВЫТЯНУЛ","1"
"ДОПОЛНЯЕТ","1"
"КОТУРНАХ","1"
"ПОЛУСИДЕТЬ","1"
"ОЧЕРЕДНОЕ","1"
"РАЗРЕЗА","1"
"МАТРОСА","1"
"ЗАБЫТЫЙ","1"
"ЧУВСТВ","1"
"МЧАЩИЙСЯ","1"
"ТЕКЕЛ","1"
"СИДЕЛО","1"
"БЕЛЫЙ","1"
"ТУФЛЯ","1"
"ОФИЦЕР","1"
"ОТВЕТИМ","1"
"ВХОДНУЮ","1"
"КОМНАТА","1"
"ПЕРЕИЗДАНА","1"
"СВЕТУ","1"
"СЖИМАВШЕЙ","1"
"РУССКОМ","1"
"СОДЕЙСТВИЯ","1"
"БУДУТ","1"
"ТЕМБРЕ","1"
"ТЩАТСЯ","1"
"ШЛЕМЕ","1"
"НЕКОТОРАЯ","1"
"НАКРЫТОГО","1"
"ЯЗЫК","1"
"СВ","1"
"НЕОБЫЧНЫМ","1"
"ТОЛСТУЮ","1"
"ВПИСАННЫМ","1"
"ОДНА","1"
"ВЫЛЕЗЛИ","1"
"ТАКАЯ","1"
"СМУЩАТЬ","1"
"УХУ","1"
"ЛАТИНСКИМИ","1"
"ВИДИТЕ","1"
"ТАБАКЕРКУ","1"
"НАМИ","1"
"РЕШИВ","1"
"ПРИХОДИЛО","1"
"ПРОДОЛЖАЕШЬ","1"
"УЖАЛИЛА","1"
"ПСИХОЛОГИЧЕСКИЙ","1"
"КОФТУ","1"
"ЧУЖОЕ","1"
"КУЛЬТУРНОЙ","1"
"БЕЗМЕРНА","1"
"КРУГАХ","1"
"СОВЕТУЮ","1"
"ОБРАЩАЛ","1"
"КИТАЙ","1"
"ПРЕВРАТИЛО","1"
"БАШНЕ","1"
"ГРАФФИТИ","1"
"НИЗОСТЬЮ","1"
"ВОЗНИКЛО","1"
"БЛЕДЕН","1"
"ЦИРКОВЫМ","1"
"ЛЮСТРУ","1"
"СТРАШНОЕ","1"
"ПРЕСЕЧЬ","1"
"МЕТРОВ","1"
"КУСКЕ","1"
"ЗАСМЕЯЛСЯ","1"
"ЧУЛАНЕ","1"
"КРАСНОЙ","1"
"ДВАЖДЫ","1"
"СОЗДАТЕЛЕМ","1"
"ЗАСЛОНИЛ","1"
"СТЕПИ","1"
"ЛЕБЯДКИНА","1"
"СМЕХ","1"
"РУКАВА","1"
"ВАСИЛИЙ","1"
"НАРОСШИЙ","1"
"СЕРДЕЧНО","1"
"ГРЯЗНОЕ","1"
"СТОЯВШИЕ","1"
"ПЕРЕСТАЛ","1"
"ДУМСКИЕ","1"
"PELEVIN","1"
"ПОСТАРШЕ","1"
"ОТВАЖНЫХ","1"
"НАГРУДНОГО","1"
"БОК","1"
"ПОДНЯТЫЙ","1"
"ПОНЕВОЛЕ","1"
"УДАРА","1"
"ВЗГЛЯНУЛ","1"
"АХ","1"
"ВЫХОДИЛ","1"
"ПРИТИХШИЙ","1"
"ПИРОЖКАМИ","1"
"ПРИШЛАСЬ","1"
"ЗАДЕРЖИВАЛ","1"
"НЕМУ","1"
"РАЗМАШИСТОЕ","1"
"ОБОЙМУ","1"
"РЯДА","1"
"ВИЖУ","1"
"ОТХЛЕБНУЛ","1"
"ЯВОК","1"
"ПОДЛИННАЯ","1"
"СОРОК","1"
"ХУДОЖЕСТВЕННЫХ","1"
"РЕВОЛЮЦИОННЫМ","1"
"УМЕРЕТЬ","1"
"ХОРОШ","1"
"НЕУЛОВИМОЕ","1"
"ОСТАВИВ","1"
"ПОЛУУЛЫБКА","1"
"ПЕРЕСЕКАТЬ","1"
"УСНУЛИ","1"
"ДЛИННОВОЛОСЫЙ","1"
"НОВЫХ","1"
"СКОРЕЙ","1"
"СЛУЖИТ","1"
"ШЕСТНАДЦАТОМ","1"
"ДОСТОЕВЩИНУ","1"
"СПЛОТИМ","1"
"ХОРОМ","1"
"БУТЫЛОЧНЫМИ","1"
"СУЕТЛИВОСТЬ","1"
"ЧЕРТЫ","1"
"КОРОБКА","1"
"МОНАСТЫРЬ","1"
"ПАЛКЕ","1"
"ПЕРЕСПРОСИЛ","1"
"ЦАРСТВА","1"
"ПАДАЮЩИЙ","1"
"РАЗВЕЛ","1"
"МТС","1"
"ПЕРЕБИРАЛИ","1"
"ДУШАМ","1"
"ДЕЛАЯ","1"
"ВРАЖДЕБНЫЙ","1"
"САТИРИКОНЕ","1"
"ПРИНЯТЬ","1"
"ТКАНЬ","1"
"СОХРАНИЛИСЬ","1"
"ПОЛОЖЕНИЕ","1"
"ПАЛАС","1"
"ПОКОСИВШИЙСЯ","1"
"ОСКОРОМИТЬСЯ","1"
"ПОЛАГАЕТЕ","1"
"ДИВИЗИИ","1"
"КРУТИВШИМИСЯ","1"
"БОГАТЫМ","1"
"ГЛАЗ","1"
"УЗОРЫ","1"
"ЛАДОНЯМИ","1"
"БРОНЗОВЫЙ","1"
"ДОБРЫЙ","1"
"РАЗЖАЛИСЬ","1"
"ХОЧЕШЬ","1"
"ОБОЖЖЕННОЕ","1"
"ТЯНЕТ","1"
"СТОРОНЕ","1"
"ДЛИННЫЙ","1"
"МЕДИЦИНСКИМ","1"
"КУЛИСАМИ","1"
"ЖЕРТВА","1"
"НАСТОЯЩИЙ","1"
"ДОСУЖИЕ","1"
"СОСТОЯНИЯ","1"
"РАЗЪЯТОЙ","1"
"ГОВОРИТСЯ","1"
"НЕЛЕПИЦАМИ","1"
"ПОВЕРНУЛ","1"
"ВЫЙДЕМ","1"
"ТЕЧЕНИЕ","1"
"РАЗВОРАЧИВАЛСЯ","1"
"ОСОБЕННО","1"
"ГРОХНУЛО","1"
"КНИГОЙ","1"
"ОТКАШЛЯЛСЯ","1"
"ТЬМЫ","1"
"ДУМАЕТЕ","1"
"ОСТАЛОСЬ","1"
"ДОЛЕТАЛ","1"
"ПРИЯТЕЛЯ","1"
"ДЫШИТ","1"
"КРЮЧКОВ","1"
"УВЕРЯЮ","1"
"ЗАТРАВЛЕННО","1"
"ЧАРУЮЩИМ","1"
"СОСТОЯНИЕ","1"
"ГЛАВНОМ","1"
"ВЗГЛЯДЫ","1"
"РОССИЙСКОГО","1"
"ЗАВИЗЖАЛ","1"
"PAYPAL","1"
"ПРОТЕСТ","1"
"ЛАМПАСАМИ","1"
"ЧЕКИСТСКИХ","1"
"ВЫБРАНО","1"
"СВЯЗНОЙ","1"
"КОНТРРЕВОЛЮЦИОННЫЙ","1"
"УНЕСШИЙСЯ","1"
"ШИРОКОГО","1"
"МЯГКИЙ","1"
"ВСТАВ","1"
"НАШАРИВ","1"
"ПРОИСШЕДШЕГО","1"
"ГОРЬКИМ","1"
"ВСТРЕТИЛСЯ","1"
"ТАБУРЕТА","1"
"СКРИПНУЛА","1"
"СМОТРЕЛ","1"
"ЗАТВОР","1"
"КАКОГО","1"
"УМ","1"
"САМИ","1"
"КРОВАВЫ","1"
"МЕТАФОРА","1"
"ФАНТОМ","1"
"ПОТРЯС","1"
"ОБСУЖДАТЬ","1"
"ОБЕЩАЮ","1"
"ЗАВИТКАМИ","1"
"ОБМЕНИВАЯСЬ","1"
"НИШИ","1"
"БУТЫЛКУ","1"
"УДЕРЖАЛО","1"
"ПРИСЕВ","1"
"СДЕЛАТЬ","1"
"БЕСЕДЫ","1"
"КРУГЛОМ","1"
"ПРОШЕЛСЯ","1"
"ВЫНОСИТЬ","1"
"ЗВАТЬ","1"
"ДУША","1"
"РАЗВРАТНЕЙШЕ","1"
"САД","1"
"ГЛУПОГО","1"
"ВОИНСТВУ","1"
"ЙХВЙ","1"
"ТОЙ","1"
"СИДИТ","1"
"ПОЗВОЛЬ","1"
"НЫНЕШНЕМУ","1"
"НЫРНУЛИ","1"
"ОКНАМИ","1"
"СОШЕЛ","1"
"ИМПЕРАТОРЫ","1"
"КОНЧАЕТСЯ","1"
"ЖЕЛТЫМ","1"
"ИМЕТЬ","1"
"НЫНЕШНЕГО","1"
"ОКАЗАЛАСЬ","1"
"ПАЗУХУ","1"
"ДЕКАДЕНТОМ","1"
"КУЛИСАМ","1"
"СТОЛАХ","1"
"ПОДХОДЯЩИЙ","1"
"ВАЛЕРИЯ","1"
"ГАЗЕТАМИ","1"
"МИНОР","1"
"КАРЛА","1"
"СОБСТВЕННЫМ","1"
"ПОРЯДКЕ","1"
"КВАРТИРЫ","1"
"ОЗАРЕННОЙ","1"
"СТУЛА","1"
"ПРОШЛЫМ","1"
"БЕЛЫЕ","1"
"ОТКРЫТОМ","1"
"ЖЕРТВ","1"
"ПОВЕРНУЛИ","1"
"ВСТРЕЧАЮТСЯ","1"
"ЛЮДЯХ","1"
"НЕОЖИДАННОГО","1"
"НЕПОГОДЕ","1"
"ПРОСТОЙ","1"
"СНЕГУ","1"
"БЕРЕТСЯ","1"
"ЗАНИМАЕШЬСЯ","1"
"КОЖАНКА","1"
"СОЦИАЛЬНО","1"
"ЛОШАДЬ","1"
"СУЩЕСТВУЮЩИМ","1"
"ПЕРВОЕ","1"
"УДИВИТЕЛЬНОЙ","1"
"ГОРЕЛА","1"
"НЕСКОЛЬКИХ","1"
"РАССТАВИЛ","1"
"БЮСТГАЛЬТЕРА","1"
"СТОЯВШИЙ","1"
"ЗАДУШИТЕ","1"
"ОБРАДОВАТЬ","1"
"ДОВЕЗЕТ","1"
"ДВЕРЕЙ","1"
"СЛЕПОЙ","1"
"ЗАМЕРЗНЕТ","1"
"ОДЕТ","1"
"ПАРТИЙНЫЙ","1"
"ПОПАДИСЬ","1"
"ЭТАЖА","1"
"ИНТЕЛЛИГЕНТНОГО","1"
"ВАШИХ","1"
"ДЕТСКАЯ","1"
"СЛЕД","1"
"ТЕМНАЯ","1"
"ОГНЕМ","1"
"ГРАДОНАЧАЛЬНИКА","1"
"РАСЦЕНИВАТЬ","1"
"СЛАБО","1"
"НИЖНИЙ","1"
"ДАЛИ","1"
"VIKTOR","1"
"ЛИТЕРАТУРНОЕ","1"
"СВОИМИ","1"
"НАСТРОЕНИЙ","1"
"ОТВЕРСТИЕ","1"
"ВЫПАДАЕТ","1"
"ПОЕЗДКИ","1"
"ХОЛОДНОМ","1"
"НЕПОНЯТНЫМ","1"
"ПОДНИМАЯ","1"
"ДЕРЖАТСЯ","1"
"ВИЗУАЛЬНУЮ","1"
"ДОХОДНОГО","1"
"ПОСТОЯННЫЕ","1"
"ПОТАЩИЛ","1"
"ПОДОЗРЕНИЯ","1"
"СПИНА","1"
"НАКРЫЛО","1"
"ВДВОЙНЕ","1"
"ВОЗДУХ","1"
"БЕЖИТЕ","1"
"ВЫШЕЛ","1"
"ВОЗМОЖНОСТЕЙ","1"
"ПРОНИКАВШАЯ","1"
"РАЗГОВОРЫ","1"
"УСАТОЕ","1"
"ВСВЕТЕ","1"
"ПОГОВОРИЛИ","1"
"САМОУБИЙСТВО","1"
"ЗАМОРОЗИВШИЙ","1"
"ОПИСАННОМУ","1"
"ПУСТИТЬ","1"
"ЦЕНИЛ","1"
"РАЗВЕРНУЛ","1"
"СТРЯСЛОСЬ","1"
"ПОРАЗИЛА","1"
"ВЫДЕЛЯЛСЯ","1"
"МЕЛЬКНУЛА","1"
"МАУЗЕРОМ","1"
"СПОРИЛИ","1"
"АНГЛИЙСКИМ","1"
"СТЕКЛО","1"
"MAESTRO","1"
"ПРОВЕРИЛ","1"
"ПОДПЛЕЧНОЙ","1"
"ГОРОХОВУЮ","1"
"ТОПОРА","1"
"ПОМЕНЯЛ","1"
"БАРХАТНОМ","1"
"ПРЕДЛАГАЛ","1"
"МАСКИ","1"
"ВЕЧНОМ","1"
"ПОМНИТЕ","1"
"ТУЛКУ","1"
"ПРИЧИН","1"
"РУК","1"
"АГА","1"
"РАЗБИРАЛ","1"
"КАТАЛСЯ","1"
"ОБЩЕНИЯ","1"
"СЛОВАХ","1"
"ФУГУ","1"
"ОПРЕДЕЛЕНИЕ","1"
"РУХНУЛ","1"
"ПОЛОЙ","1"
"ОПРОКИНУВ","1"
"ОПУЩЕНО","1"
"ИДИОТЫ","1"
"СЕТКОЙ","1"
"НЕЖНЫЙ","1"
"ИЗВОЛЬТЕ","1"
"УЗКИЙ","1"
"ДРЕВНИЙ","1"
"ЧАЙНЫЕ","1"
"ЛУЧШЕЕ","1"
"ОЩУТИЛ","1"
"СМЕЯЛИСЬ","1"
"НАВЕРНО","1"
"БЕЗДАРНОГО","1"
"ХАЛВЫ","1"
"ВОСПОМИНАНИЯ","1"
"СОТКАННЫЙ","1"
"КЛЕТКЕ","1"
"ПОКРЫТАЯ","1"
"ЗЫБКИМ","1"
"ПРОХОДЯ","1"
"ОСВОБОЖДЕНИЯ","1"
"КАБИНКОЙ","1"
"ФОНАРИ","1"
"ПЕРЕТЯНУЛ","1"
"ИЗРЯДНО","1"
"ВЫСКАКИВАЕТ","1"
"ДВЕРЯХ","1"
"ПОРУЧАЮТ","1"
"НАПЕЧАТАНА","1"
"СТРАШНУЮ","1"
"I","1"
"РЕВОЛЮЦИЯ","1"
"СЛАВЫ","1"
"ПАЛЯТ","1"
"ЗАУНЫВНЫЕ","1"
"ЭКИПАЖЕМ","1"
"ПЕТЕК","1"
"ДОПУСКАЮ","1"
"ИНТЕРЕСНА","1"
"ПРОСИПЕЛ","1"
"КОРАЛЛЫ","1"
"КОТОРОМУ","1"
"ОЛОВЯННЫМ","1"
"БРОВИ","1"
"ДРУГЕ","1"
"КУМОМ","1"
"СМЫЧОК","1"
"ДВИЖЕНИЯ","1"
"НАДЕЕШЬСЯ","1"
"ШТОРОЙ","1"
"ПОДЛОСТЬ","1"
"СПРОСИТЬ","1"
"МЫСЛЬ","1"
"СТРЕЛЯЛ","1"
"ЗАДЕРЖАВШИСЬ","1"
"ЗАИСКИВАЮЩЕЕ","1"
"ГОД","1"
"ВСЕМУ","1"
"ПОДЧЕРКНУТО","1"
"СОЛДАТУ","1"
"ЛЮБИМУЮ","1"
"АВРОРЫ","1"
"КОМНАТ","1"
"ТЕМНЕТЬ","1"
"ЭФИРА","1"
"ОТКРЫТ","1"
"МИНУТЫ","1"
"СПЕРВА","1"
"НЕРВЫ","1"
"ВЫГЛЯНУЛ","1"
"ВЫНЕСЛИ","1"
"ГОЛОСА","1"
"ЖАНР","1"
"ГЕРОЕМ","1"
"РИСКА","1"
"СТАКАНЫ","1"
"ПОГАСИТЬ","1"
"ПЕСНЕ","1"
"ВЫКАЧАН","1"
"СОТРУДНИКА","1"
"МУДАКОМ","1"
"КАМЕРА","1"
"КОНЧАЛСЯ","1"
"ОКОНЧАТЕЛЬНО","1"
"НАШЕЙ","1"
"ПОТОК","1"
"ТОЛСТАЯ","1"
"ВЕКА","1"
"МАТРОСАМИ","1"
"УДИВЛЕНИЕМ","1"
"ШТАБ","1"
"УХОЖУ","1"
"ЕДВА","1"
"ПОДНЯВ","1"
"МЯГКОЙ","1"
"ТРАНСПОРТИРОВКИ","1"
"ЗАКИДЫВАЯ","1"
"ЗАПЯСТЬЕ","1"
"ПУСТ","1"
"ЗАЧЕРПНУЛ","1"
"ВЫХОДИТЕ","1"
"СЛЕДУЮЩЕЕ","1"
"ГОДОВЩИНА","1"
"ЗЕЛЕНЫХ","1"
"НАШИ","1"
"ПОДШИВКИ","1"
"ПИТЕРЕ","1"
"ОСНОВНОМ","1"
"ВАСИЛИЯ","1"
"ПОЕЗЖАЙТЕ","1"
"НАШЕГО","1"
"ПОЯСНИЛ","1"
"ОТКРЫТО","1"
"УТРА","1"
"ИРЫ","1"
"ВОЛКОДАВА","1"
"ГУБАМ","1"
"ВЫДУМАННЫМИ","1"
"ОКАЗАЛОСЬ","1"
"ВСТРЕЧА","1"
"ВНУТРЕННЯЯ","1"
"ВВЕРХУ","1"
"АМУРАМИ","1"
"УБЕГАЛ","1"
"СКОРЕЕ","1"
"ШАПКА","1"
"НЕДАВНО","1"
"ИСКУССТВЕ","1"
"ВЫСОХШЕГО","1"
"ВИСЕЛА","1"
"РАЗМЕСТИВ","1"
"ИЗГИБАТЬСЯ","1"
"НАПОМНЮ","1"
"НАРОДОВ","1"
"ЗЕМЛИ","1"
"ДАДУТ","1"
"НЕУДОБНА","1"
"МАЯКОВСКОГО","1"
"ПЛОТНЫЙ","1"
"ПОМОРЩИЛСЯ","1"
"РАСПЯТЬ","1"
"ФРОНТА","1"
"ОСТАВАЛАСЬ","1"
"БИТЬ","1"
"РАССПРАШИВАТЬ","1"
"РОМАНТИЧЕСКОЕ","1"
"ДРУГИЕ","1"
"СЕРДЦЕ","1"
"СОЧУВСТВИЕМ","1"
"МАКСИМОВИЧУ","1"
"НЕРВНЫЙ","1"
"СЕСТЬ","1"
"ГЛАВНЫЙ","1"
"КАЧАЛИСЬ","1"
"ВДУМАТЬСЯ","1"
"ЗАКАТНОЕ","1"
"АНГЛИЧАНКА","1"
"ПОДНОСОМ","1"
"ОБНАРУЖИТ","1"
"ТРАДИЦИЯ","1"
"ЗАДОМ","1"
"РАСХОДЯЩИХСЯ","1"
"ЗАПЫЛАВШИЙ","1"
"ЭТАЖ","1"
"ИЗМЕНА","1"
"ВОДКЕ","1"
"ИСКЛЮЧАЛОСЬ","1"
"СМОГУ","1"
"ЛОГИКУ","1"
"УЛЫБАЛСЯ","1"
"КРУЖЕВНЫЕ","1"
"ВООБЩЕ","1"
"УДЕРЖАЛ","1"
"СТРЕМИТЕЛЬНЫЙ","1"
"НАЗЫВАЕМОЙ","1"
"ПОКИНУТЬ","1"
"КАКОЕ","1"
"РАМАЧАРАКИ","1"
"ВЗДОХНУЛ","1"
"ОТВЕТИТЬ","1"
"КОМАНДИРОМ","1"
"МОРОЗ","1"
"ЧУЖОГО","1"
"ПОПАСТЬ","1"
"НЕСЧАСТНОЙ","1"
"ЛЕЗТЬ","1"
"НЕКРАСОВА","1"
"КОНТОРСКОГО","1"
"1","1"
"ВСЛЕД","1"
"ЗУБНОГО","1"
"ПУЛЬ","1"
"ВЗГЛЯДУ","1"
"КОЛОННАМИ","1"
"ПАТРИОТИЧЕСКОЙ","1"
"ПОРТЬЕРОЙ","1"
"ПИСТОЛЕТНЫХ","1"
"HTTPS","1"
"ЗАСТРЕЛИЛ","1"
"СВЕРКАЮЩЕГО","1"
"ПУТАНИЦА","1"
"КРАДЕНЫМ","1"
"МОНАСТЫРЕЙ","1"
"ПОКОЙНИКОМ","1"
"СЛУЧАЕТСЯ","1"
"ДЕЛАЛ","1"
"КАРМАН","1"
"ЧАШКАМ","1"
"ОБОЙМЫ","1"
"НАТЮРМОРТОМ","1"
"ДЕКАДЕНТ","1"
"ТЕМНЫМ","1"
"ДОРОГО","1"
"АНЕМИЧНЫМ","1"
"СТАРЫЕ","1"
"ПОСТАВИЛ","1"
"ДАЛЕКИЙ","1"
"ГАМЛЕТА","1"
"ПРИЧЕМ","1"
"КУПОЛ","1"
"ДРУЗЬЯ","1"
"ДОКУМЕНТА","1"
"WWW","1"
"КИТАЙСКАЯ","1"
"ЖДЕТ","1"
"ВЕТВЕЙ","1"
"1923","1"
"БОКА","1"
"ТАНКА","1"
"ЭСТЕТИЧЕСКИЙ","1"
"ЛИХАЧЕЙ","1"
"СНЯВ","1"
"ВИРТУАЛЬНОМ","1"
"ВТАЩИТЬ","1"
"ПЬЕСА","1"
"ПОЖАТЬ","1"
"ОГРОМНЫМИ","1"
"ГОЛОВЫ","1"
"ПАРИЖСКИХ","1"
"СПОЕМ","1"
"ПЫТАЮСЬ","1"
"ЖЕЛТУЮ","1"
"УЛЫБКОЙ","1"
"УТРОМ","1"
"ВОЛОСАХ","1"
"ЛЮБИЛИ","1"
"НЕВЕРОЯТНО","1"
"ЧУВСТВА","1"
"ТИГРОМ","1"
"СВЕРКАЕТ","1"
"ЛЕДЯНОЙ","1"
"КОЗЫРЕК","1"
"ЛЕЖАВШИХ","1"
"РЕДАКТОРА","1"
"ЖИЛ","1"
"САПОГ","1"
"ХОЛОДНО","1"
"УПОМИНАЮТСЯ","1"
"АЛЕКСЕЙ","1"
"ПАСТУШЬЕЙ","1"
"СРЕДСТВАМИ","1"
"ОСМОТР","1"
"РАССМОТРЕТЬ","1"
"РАНО","1"
"ОВЛАДЕЛО","1"
"УДАЛОСЬ","1"
"ТРЕТЬЕГО","1"
"БАНКОЙ","1"
"БОРОДКА","1"
"ИДЕШЬ","1"
"БЛИЗОК","1"
"ВЫСОКОЙ","1"
"ЩИПЦЫ","1"
"ПОМЕШАЛА","1"
"ЛЮБОВАЛСЯ","1"
"СУМАСШЕДШИЕ","1"
"ЧЕЛОВЕКУ","1"
"ЗАИНТЕРЕСОВАНЫ","1"
"ДУШИ","1"
"УШЕЛ","1"
"ЗЕМЛЮ","1"
"ПОЯВИЛСЯ","1"
"СЕЛА","1"
"КОНСУЛЬТАНТОМ","1"
"СРЕДНЕЙ","1"
"ГОВОРИТ","1"
"СБОРНИЧЕК","1"
"ВВАЛИЛИСЬ","1"
"БЛАГОПОЛУЧНАЯ","1"
"БЛЯДЕЙ","1"
"ЗАСТАВЛЯВШУЮ","1"
"СОЛНЦА","1"
"СОГЛАСИЛСЯ","1"
"ПРОСТИТЕ","1"
"ПОДЪЕЗДА","1"
"ДЕРЖИ","1"
"НАИГРЫВАТЬ","1"
"ОТТОГО","1"
"КОЛЕНОМ","1"
"ВХОДНАЯ","1"
"КОЛЕНИ","1"
